{
    "name": "root",
    "gauges": {
        "StandardConfig.Policy.Entropy.mean": {
            "value": 0.37832385301589966,
            "min": 0.3777835965156555,
            "max": 0.37844932079315186,
            "count": 17
        },
        "StandardConfig.Policy.ExtrinsicValueEstimate.mean": {
            "value": 33.82286071777344,
            "min": 33.814788818359375,
            "max": 33.8346061706543,
            "count": 17
        },
        "StandardConfig.Policy.CuriosityValueEstimate.mean": {
            "value": 5.236542224884033,
            "min": 5.234375953674316,
            "max": 5.2512617111206055,
            "count": 17
        },
        "StandardConfig.IsTraining.mean": {
            "value": 1.0,
            "min": 1.0,
            "max": 1.0,
            "count": 17
        },
        "StandardConfig.Environment.EpisodeLength.mean": {
            "value": 2453.0,
            "min": 1697.6666666666667,
            "max": 2955.6,
            "count": 15
        },
        "StandardConfig.Environment.CumulativeReward.mean": {
            "value": -1.674533575695629,
            "min": -2.766325482400134,
            "max": -1.5238336582357686,
            "count": 15
        },
        "StandardConfig.Policy.ExtrinsicReward.mean": {
            "value": -1.674533575695629,
            "min": -2.766325482400134,
            "max": -1.5238336582357686,
            "count": 15
        },
        "StandardConfig.Policy.CuriosityReward.mean": {
            "value": 0.0,
            "min": 0.0,
            "max": 0.0,
            "count": 15
        }
    },
    "metadata": {
        "timer_format_version": "0.1.0",
        "start_time_seconds": "1611747248",
        "python_version": "3.7.9 (default, Aug 31 2020, 17:10:11) [MSC v.1916 64 bit (AMD64)]",
        "command_line_arguments": "C:\\Users\\PC\\anaconda3\\envs\\mlagents\\Scripts\\mlagents-learn config/comodo.yaml --run-id=DAIII15",
        "mlagents_version": "0.23.0",
        "mlagents_envs_version": "0.23.0",
        "communication_protocol_version": "1.3.0",
        "pytorch_version": "1.7.0+cu110",
        "numpy_version": "1.18.5",
        "end_time_seconds": "1611747532"
    },
    "total": 284.12812940000003,
    "count": 1,
    "self": 0.004048699999998462,
    "children": {
        "run_training.setup": {
            "total": 0.005940799999999968,
            "count": 1,
            "self": 0.005940799999999968
        },
        "TrainerController.start_learning": {
            "total": 284.1181399,
            "count": 1,
            "self": 0.1999876999993262,
            "children": {
                "TrainerController._reset_env": {
                    "total": 54.255464599999996,
                    "count": 1,
                    "self": 54.255464599999996
                },
                "TrainerController.advance": {
                    "total": 229.5722150000007,
                    "count": 11039,
                    "self": 0.10614690000187466,
                    "children": {
                        "env_step": {
                            "total": 229.46606809999884,
                            "count": 11039,
                            "self": 197.23521639999643,
                            "children": {
                                "SubprocessEnvManager._take_step": {
                                    "total": 32.10981380000239,
                                    "count": 11039,
                                    "self": 0.49228600000187583,
                                    "children": {
                                        "TorchPolicy.evaluate": {
                                            "total": 31.617527800000516,
                                            "count": 10995,
                                            "self": 4.172078199999909,
                                            "children": {
                                                "TorchPolicy.sample_actions": {
                                                    "total": 27.445449600000607,
                                                    "count": 10995,
                                                    "self": 27.445449600000607
                                                }
                                            }
                                        }
                                    }
                                },
                                "workers": {
                                    "total": 0.12103790000001169,
                                    "count": 11038,
                                    "self": 0.0,
                                    "children": {
                                        "worker_root": {
                                            "total": 227.06002540000085,
                                            "count": 11038,
                                            "is_parallel": true,
                                            "self": 46.81303180000074,
                                            "children": {
                                                "steps_from_proto": {
                                                    "total": 0.0008526000000017575,
                                                    "count": 1,
                                                    "is_parallel": true,
                                                    "self": 0.0002191000000024701,
                                                    "children": {
                                                        "_process_vector_observation": {
                                                            "total": 0.0006334999999992874,
                                                            "count": 4,
                                                            "is_parallel": true,
                                                            "self": 0.0006334999999992874
                                                        }
                                                    }
                                                },
                                                "UnityEnvironment.step": {
                                                    "total": 180.2461410000001,
                                                    "count": 11038,
                                                    "is_parallel": true,
                                                    "self": 1.8897782000026666,
                                                    "children": {
                                                        "UnityEnvironment._generate_step_input": {
                                                            "total": 2.5309238999982426,
                                                            "count": 11038,
                                                            "is_parallel": true,
                                                            "self": 2.5309238999982426
                                                        },
                                                        "communicator.exchange": {
                                                            "total": 167.91375860000133,
                                                            "count": 11038,
                                                            "is_parallel": true,
                                                            "self": 167.91375860000133
                                                        },
                                                        "steps_from_proto": {
                                                            "total": 7.911680299997883,
                                                            "count": 11036,
                                                            "is_parallel": true,
                                                            "self": 1.5090915000000606,