{
    "name": "root",
    "metadata": {
        "timer_format_version": "0.1.0",
        "start_time_seconds": "1611657878",
        "python_version": "3.7.9 (default, Aug 31 2020, 17:10:11) [MSC v.1916 64 bit (AMD64)]",
        "command_line_arguments": "C:\\Users\\PC\\anaconda3\\envs\\mlagents\\Scripts\\mlagents-learn config/comodo.yaml --run-id=Please",
        "mlagents_version": "0.23.0",
        "mlagents_envs_version": "0.23.0",
        "communication_protocol_version": "1.3.0",
        "pytorch_version": "1.7.0+cu110",
        "numpy_version": "1.18.5",
        "end_time_seconds": "1611657908"
    },
    "total": 29.964358700000002,
    "count": 1,
    "self": 0.005650000000002819,
    "children": {
        "run_training.setup": {
            "total": 0.009483700000000095,
            "count": 1,
            "self": 0.009483700000000095
        },
        "TrainerController.start_learning": {
            "total": 29.949225,
            "count": 1,
            "self": 0.07944639999996284,
            "children": {
                "TrainerController._reset_env": {
                    "total": 8.6212868,
                    "count": 1,
                    "self": 8.6212868
                },
                "TrainerController.advance": {
                    "total": 21.10491880000004,
                    "count": 4897,
                    "self": 0.039500800000002556,
                    "children": {
                        "env_step": {
                            "total": 21.065418000000037,
                            "count": 4897,
                            "self": 18.02844430000011,
                            "children": {
                                "SubprocessEnvManager._take_step": {
                                    "total": 2.991688599999943,
                                    "count": 4897,
                                    "self": 0.1733480999999184,
                                    "children": {
                                        "TorchPolicy.evaluate": {
                                            "total": 2.8183405000000246,
                                            "count": 4897,
                                            "self": 0.6603871000000332,
                                            "children": {
                                                "TorchPolicy.sample_actions": {
                                                    "total": 2.1579533999999914,
                                                    "count": 4897,
                                                    "self": 2.1579533999999914
                                                }
                                            }
                                        }
                                    }
                                },
                                "workers": {
                                    "total": 0.04528509999998498,
                                    "count": 4896,
                                    "self": 0.0,
                                    "children": {
                                        "worker_root": {
                                            "total": 21.12450849999991,
                                            "count": 4896,
                                            "is_parallel": true,
                                            "self": 6.34150339999985,
                                            "children": {
                                                "steps_from_proto": {
                                                    "total": 0.0015844999999998777,
                                                    "count": 1,
                                                    "is_parallel": true,
                                                    "self": 8.850000000037994e-05,
                                                    "children": {
                                                        "_process_vector_observation": {
                                                            "total": 0.0014959999999994977,
                                                            "count": 10,
                                                            "is_parallel": true,
                                                            "self": 0.0014959999999994977
                                                        }
                                                    }
                                                },
                                                "UnityEnvironment.step": {
                                                    "total": 14.78142060000006,
                                                    "count": 4896,
                                                    "is_parallel": true,
                                                    "self": 0.31770319999996843,
                                                    "children": {
                                                        "UnityEnvironment._generate_step_input": {
                                                            "total": 0.2572873000001046,
                                                            "count": 4896,
                                                            "is_parallel": true,
                                                            "self": 0.2572873000001046
                                                        },
                                                        "communicator.exchange": {
                                                            "total": 12.840331700000043,
                                                            "count": 4896,
                                                            "is_parallel": true,
                                                            "self": 12.840331700000043
                                                        },
                                                        "steps_from_proto": {
                                                            "total": 1.3660983999999434,
                                                            "count": 4896,
                                                            "is_parallel": true,
                                                            "self": 0.3595399999996971,
                                                            "children": {
                                                                "_process_vector_observation": {
                                                                    "total": 1.0065584000002463,
                                                                    "count": 48960,
                                                                    "is_parallel": true,
                                                                    "self": 1.0065584000002463
                                                                }
                                                            }
                                                        }
                                                    }
                                                }
                                            }
                                        }
                                    }
                                }
                            }
                        }
                    }
                },
                "trainer_threads": {
                    "total": 1.8599999997093164e-05,
                    "count": 1,
                    "self": 1.8599999997093164e-05,
                    "children": {
                        "thread_root": {
                            "total": 0.0,
                            "count": 0,
                            "is_parallel": true,
                            "self": 0.0,
                            "children": {
                                "trainer_advance": {
                                    "total": 21.102649299999918,