{
    "name": "root",
    "gauges": {
        "StandardConfig.Policy.Entropy.mean": {
            "value": 1.4830600023269653,
            "min": 1.419396162033081,
            "max": 1.4830600023269653,
            "count": 39
        },
        "StandardConfig.Policy.ExtrinsicValueEstimate.mean": {
            "value": -0.014112834818661213,
            "min": -0.2185051441192627,
            "max": 0.036586787551641464,
            "count": 39
        },
        "StandardConfig.Policy.CuriosityValueEstimate.mean": {
            "value": 0.034831613302230835,
            "min": 0.034831613302230835,
            "max": 0.6115448474884033,
            "count": 39
        },
        "StandardConfig.Losses.PolicyLoss.mean": {
            "value": 0.002620316847848396,
            "min": 0.0018317929934710264,
            "max": 0.0069707948714494705,
            "count": 39
        },
        "StandardConfig.Losses.ValueLoss.mean": {
            "value": 0.0029836662523545477,
            "min": 0.00020260066739865578,
            "max": 0.018505767725097638,
            "count": 39
        },
        "StandardConfig.Policy.LearningRate.mean": {
            "value": 0.0002976864007712,
            "min": 0.0002976864007712,
            "max": 0.00029996562601145797,
            "count": 39
        },
        "StandardConfig.Policy.Epsilon.mean": {
            "value": 0.1992288,
            "min": 0.1992288,
            "max": 0.19998854200000002,
            "count": 39
        },
        "StandardConfig.Policy.Beta.mean": {
            "value": 0.09922887712,
            "min": 0.09922887712,
            "max": 0.09998854314580001,
            "count": 39
        },
        "StandardConfig.Losses.CuriosityForwardLoss.mean": {
            "value": 0.017433164454996587,
            "min": 0.014537556158999604,
            "max": 0.7650396575530369,
            "count": 39
        },
        "StandardConfig.Losses.CuriosityInverseLoss.mean": {
            "value": 5.243146419525146,
            "min": 3.9874985814094543,
            "max": 5.243146419525146,
            "count": 39
        },
        "StandardConfig.Environment.EpisodeLength.mean": {
            "value": 4166.0,
            "min": 333.70588235294116,
            "max": 11341.4,
            "count": 34
        },
        "StandardConfig.Environment.CumulativeReward.mean": {
            "value": -0.2616628476418555,
            "min": -2.7300949906930327,
            "max": 1.3615810522809624,
            "count": 34
        },
        "StandardConfig.Policy.ExtrinsicReward.mean": {
            "value": -0.2616628476418555,
            "min": -2.7300949906930327,
            "max": 1.3615810522809624,
            "count": 34
        },
        "StandardConfig.Policy.CuriosityReward.mean": {
            "value": 1.4823269683867693,
            "min": 0.6668329453095794,
            "max": 13.099396127508953,
            "count": 34
        },
        "StandardConfig.IsTraining.mean": {
            "value": 1.0,
            "min": 1.0,
            "max": 1.0,
            "count": 39
        }
    },
    "metadata": {
        "timer_format_version": "0.1.0",
        "start_time_seconds": "1611701169",
        "python_version": "3.7.9 (default, Aug 31 2020, 17:10:11) [MSC v.1916 64 bit (AMD64)]",
        "command_line_arguments": "C:\\Users\\PC\\anaconda3\\envs\\mlagents\\Scripts\\mlagents-learn config/comodo.yaml --run-id=NonCeLaFaccioPiu26",
        "mlagents_version": "0.23.0",
        "mlagents_envs_version": "0.23.0",
        "communication_protocol_version": "1.3.0",
        "pytorch_version": "1.7.0+cu110",
        "numpy_version": "1.18.5",
        "end_time_seconds": "1611702499"
    },
    "total": 1330.4567778,
    "count": 1,
    "self": 0.005674000000226442,
    "children": {
        "run_training.setup": {
            "total": 0.00618390000000002,
            "count": 1,
            "self": 0.00618390000000002
        },
        "TrainerController.start_learning": {
            "total": 1330.4449198999998,
            "count": 1,
            "self": 1.4205643999973745,
            "children": {
                "TrainerController._reset_env": {
                    "total": 4.0487596,
                    "count": 1,
                    "self": 4.0487596
                },
                "TrainerController.advance": {
                    "total": 1324.9054583000025,
                    "count": 66428,
                    "self": 0.7328534000046147,
                    "children": {
                        "env_step": {
                            "total": 1324.1726048999979,
                            "count": 66428,
                            "self": 1248.2785685000008,
                            "children": {
                                "SubprocessEnvManager._take_step": {
                                    "total": 75.10080589999194,
                                    "count": 66428,
                                    "self": 3.4873693999757194,
                                    "children": {
                                        "TorchPolicy.evaluate": {
                                            "total": 71.61343650001622,
                                            "count": 66334,
                                            "self": 18.7110149000262,
                                            "children": {
                                                "TorchPolicy.sample_actions": {
                                                    "total": 52.90242159999002,
                                                    "count": 66334,
                                                    "self": 52.90242159999002
                                                }
                                            }
                                        }
                                    }
                                },
                                "workers": {
                                    "total": 0.7932305000051931,
                                    "count": 66427,
                                    "self": 0.0,
                                    "children": {
                                        "worker_root": {
                                            "total": 1324.603327600009,
                                            "count": 66427,
                                            "is_parallel": true,
                                            "self": 160.05267150001077,
                                            "children": {
                                                "steps_from_proto": {
                                                    "total": 0.0006525000000001668,
                                                    "count": 1,
                                                    "is_parallel": true,
                                                    "self": 7.799999999935636e-05,
                                                    "children": {
                                                        "_process_vector_observation": {
                                                            "total": 0.0005745000000008105,
                                                            "count": 6,
                                                            "is_parallel": true,
                                                            "self": 0.0005745000000008105
                                                        }
                                                    }
                                                },
                                                "UnityEnvironment.step": {
                                                    "total": 1164.5500035999983,
                                                    "count": 66427,
                                                    "is_parallel": true,
                                                    "self": 10.341983200032473,