{
    "name": "root",
    "gauges": {
        "StandardConfig.Policy.Entropy.mean": {
            "value": 1.4843673706054688,
            "min": 1.4196879863739014,
            "max": 1.4843673706054688,
            "count": 39
        },
        "StandardConfig.Policy.ExtrinsicValueEstimate.mean": {
            "value": -0.13430778682231903,
            "min": -0.2513759434223175,
            "max": 0.019900213927030563,
            "count": 39
        },
        "StandardConfig.Policy.CuriosityValueEstimate.mean": {
            "value": -16.542844772338867,
            "min": -16.542844772338867,
            "max": 1.9680410623550415,
            "count": 39
        },
        "StandardConfig.Environment.EpisodeLength.mean": {
            "value": 603.1333333333333,
            "min": 320.88461538461536,
            "max": 5776.0,
            "count": 39
        },
        "StandardConfig.Environment.CumulativeReward.mean": {
            "value": -0.810437718173489,
            "min": -4.546330177108757,
            "max": -0.810437718173489,
            "count": 39
        },
        "StandardConfig.Policy.ExtrinsicReward.mean": {
            "value": -0.810437718173489,
            "min": -4.546330177108757,
            "max": -0.810437718173489,
            "count": 39
        },
        "StandardConfig.Policy.CuriosityReward.mean": {
            "value": 3.2711382516970238,
            "min": 2.970905273276217,
            "max": 84.82130607962608,
            "count": 39
        },
        "StandardConfig.Losses.PolicyLoss.mean": {
            "value": 0.004621483222581446,
            "min": 0.0018086764340599377,
            "max": 0.005419411638285964,
            "count": 39
        },
        "StandardConfig.Losses.ValueLoss.mean": {
            "value": 33.170154889424644,
            "min": 0.001995685052437087,
            "max": 33.170154889424644,
            "count": 39
        },
        "StandardConfig.Policy.LearningRate.mean": {
            "value": 0.00029769423196858956,
            "min": 0.00029769423196858956,
            "max": 0.00029996790301069893,
            "count": 39
        },
        "StandardConfig.Policy.Epsilon.mean": {
            "value": 0.19923141040000003,
            "min": 0.19923141040000003,
            "max": 0.199989301,
            "count": 39
        },
        "StandardConfig.Policy.Beta.mean": {
            "value": 0.09923148725896,
            "min": 0.09923148725896,
            "max": 0.0999893020699,
            "count": 39
        },
        "StandardConfig.Losses.CuriosityForwardLoss.mean": {
            "value": 0.10972832341988883,
            "min": 0.09609645952781042,
            "max": 1.3400730639696121,
            "count": 39
        },
        "StandardConfig.Losses.CuriosityInverseLoss.mean": {
            "value": 5.058155059814453,
            "min": 3.4491658210754395,
            "max": 5.058155059814453,
            "count": 39
        },
        "StandardConfig.IsTraining.mean": {
            "value": 1.0,
            "min": 1.0,
            "max": 1.0,
            "count": 39
        }
    },
    "metadata": {
        "timer_format_version": "0.1.0",
        "start_time_seconds": "1611670943",
        "python_version": "3.7.9 (default, Aug 31 2020, 17:10:11) [MSC v.1916 64 bit (AMD64)]",
        "command_line_arguments": "C:\\Users\\PC\\anaconda3\\envs\\mlagents\\Scripts\\mlagents-learn config/comodo.yaml --run-id=PleaseFINALFINAL1",
        "mlagents_version": "0.23.0",
        "mlagents_envs_version": "0.23.0",
        "communication_protocol_version": "1.3.0",
        "pytorch_version": "1.7.0+cu110",
        "numpy_version": "1.18.5",
        "end_time_seconds": "1611671922"
    },
    "total": 978.5635398,
    "count": 1,
    "self": 0.00401689999989685,
    "children": {
        "run_training.setup": {
            "total": 0.006068600000000091,
            "count": 1,
            "self": 0.006068600000000091
        },
        "TrainerController.start_learning": {
            "total": 978.5534543,
            "count": 1,
            "self": 1.3336007000043537,
            "children": {
                "TrainerController._reset_env": {
                    "total": 4.0264021,
                    "count": 1,
                    "self": 4.0264021
                },
                "TrainerController.advance": {
                    "total": 973.1130240999956,
                    "count": 65707,
                    "self": 0.6603723999870681,
                    "children": {
                        "env_step": {
                            "total": 972.4526517000086,
                            "count": 65707,
                            "self": 904.5340622000241,
                            "children": {
                                "SubprocessEnvManager._take_step": {
                                    "total": 67.18092650000439,
                                    "count": 65707,
                                    "self": 3.092194699998444,
                                    "children": {
                                        "TorchPolicy.evaluate": {
                                            "total": 64.08873180000595,
                                            "count": 65317,
                                            "self": 16.40160460001401,
                                            "children": {
                                                "TorchPolicy.sample_actions": {
                                                    "total": 47.687127199991934,
                                                    "count": 65317,
                                                    "self": 47.687127199991934
                                                }
                                            }
                                        }
                                    }
                                },
                                "workers": {
                                    "total": 0.7376629999800421,
                                    "count": 65706,
                                    "self": 0.0,
                                    "children": {
                                        "worker_root": {
                                            "total": 972.8894949000074,
                                            "count": 65706,
                                            "is_parallel": true,
                                            "self": 149.1610056000086,
                                            "children": {
                                                "steps_from_proto": {
                                                    "total": 0.0008696999999999733,
                                                    "count": 1,
                                                    "is_parallel": true,
                                                    "self": 0.00011500000000097543,
                                                    "children": {
                                                        "_process_vector_observation": {
                                                            "total": 0.0007546999999989978,
                                                            "count": 10,
                                                            "is_parallel": true,
                                                            "self": 0.0007546999999989978
                                                        }
                                                    }
                                                },
                                                "UnityEnvironment.step": {
                                                    "total": 823.7276195999989,
                                                    "count": 65706,
                                                    "is_parallel": true,
                                                    "self": 11.513482400024486,