{
    "name": "root",
    "metadata": {
        "timer_format_version": "0.1.0",
        "start_time_seconds": "1611609908",
        "python_version": "3.7.9 (default, Aug 31 2020, 17:10:11) [MSC v.1916 64 bit (AMD64)]",
        "command_line_arguments": "C:\\Users\\PC\\anaconda3\\envs\\mlagents\\Scripts\\mlagents-learn config/comodo.yaml --run-id=test14",
        "mlagents_version": "0.23.0",
        "mlagents_envs_version": "0.23.0",
        "communication_protocol_version": "1.3.0",
        "pytorch_version": "1.7.0+cu110",
        "numpy_version": "1.18.5",
        "end_time_seconds": "1611609997"
    },
    "total": 89.1044537,
    "count": 1,
    "self": 0.004512099999999464,
    "children": {
        "run_training.setup": {
            "total": 0.00641220000000009,
            "count": 1,
            "self": 0.00641220000000009
        },
        "TrainerController.start_learning": {
            "total": 89.0935294,
            "count": 1,
            "self": 0.3570341999994753,
            "children": {
                "TrainerController._reset_env": {
                    "total": 3.8587141999999997,
                    "count": 1,
                    "self": 3.8587141999999997
                },
                "TrainerController.advance": {
                    "total": 84.79684370000052,
                    "count": 20880,
                    "self": 0.183078099999733,
                    "children": {
                        "env_step": {
                            "total": 84.61376560000079,
                            "count": 20880,
                            "self": 71.39550870000136,
                            "children": {
                                "SubprocessEnvManager._take_step": {
                                    "total": 13.015765900000154,
                                    "count": 20880,
                                    "self": 0.8088895000007454,
                                    "children": {
                                        "TorchPolicy.evaluate": {
                                            "total": 12.206876399999409,
                                            "count": 20834,
                                            "self": 2.6409404999989334,
                                            "children": {
                                                "TorchPolicy.sample_actions": {
                                                    "total": 9.565935900000476,
                                                    "count": 20834,
                                                    "self": 9.565935900000476
                                                }
                                            }
                                        }
                                    }
                                },
                                "workers": {
                                    "total": 0.20249099999927278,
                                    "count": 20879,
                                    "self": 0.0,
                                    "children": {
                                        "worker_root": {
                                            "total": 84.73701239999998,
                                            "count": 20879,
                                            "is_parallel": true,
                                            "self": 26.665511399998934,
                                            "children": {
                                                "steps_from_proto": {
                                                    "total": 0.00031869999999978305,
                                                    "count": 1,
                                                    "is_parallel": true,
                                                    "self": 7.420000000024629e-05,
                                                    "children": {
                                                        "_process_vector_observation": {
                                                            "total": 0.00024449999999953675,
                                                            "count": 6,
                                                            "is_parallel": true,
                                                            "self": 0.00024449999999953675
                                                        }
                                                    }
                                                },
                                                "UnityEnvironment.step": {
                                                    "total": 58.07118230000105,
                                                    "count": 20879,
                                                    "is_parallel": true,
                                                    "self": 1.3522622999996798,
                                                    "children": {
                                                        "UnityEnvironment._generate_step_input": {
                                                            "total": 0.9511924000007741,
                                                            "count": 20879,
                                                            "is_parallel": true,
                                                            "self": 0.9511924000007741
                                                        },
                                                        "communicator.exchange": {
                                                            "total": 51.33984460000093,
                                                            "count": 20879,
                                                            "is_parallel": true,
                                                            "self": 51.33984460000093
                                                        },
                                                        "steps_from_proto": {
                                                            "total": 4.427882999999666,
                                                            "count": 20879,
                                                            "is_parallel": true,
                                                            "self": 1.3464267999972601,
                                                            "children": {
                                                                "_process_vector_observation": {
                                                                    "total": 3.0814562000024055,
                                                                    "count": 125274,
                                                                    "is_parallel": true,
                                                                    "self": 3.0814562000024055
                                                                }
                                                            }
                                                        }
                                                    }
                                                }
                                            }
                                        }
                                    }
                                }
                            }
                        }
                    }
                },
                "trainer_threads": {
                    "total": 2.980000000718519e-05,
                    "count": 1,
                    "self": 2.980000000718519e-05,
                    "children": {
                        "thread_root": {
                            "total": 0.0,
                            "count": 0,
                            "is_parallel": true,
                            "self": 0.0,
                            "children": {
                                "trainer_advance": {
                                    "total": 84.7653854000005,