{
    "name": "root",
    "metadata": {
        "timer_format_version": "0.1.0",
        "start_time_seconds": "1611610578",
        "python_version": "3.7.9 (default, Aug 31 2020, 17:10:11) [MSC v.1916 64 bit (AMD64)]",
        "command_line_arguments": "C:\\Users\\PC\\anaconda3\\envs\\mlagents\\Scripts\\mlagents-learn config/comodo.yaml --run-id=test18",
        "mlagents_version": "0.23.0",
        "mlagents_envs_version": "0.23.0",
        "communication_protocol_version": "1.3.0",
        "pytorch_version": "1.7.0+cu110",
        "numpy_version": "1.18.5",
        "end_time_seconds": "1611610584"
    },
    "total": 5.750635600000001,
    "count": 1,
    "self": 0.004230100000001791,
    "children": {
        "run_training.setup": {
            "total": 0.006524899999999945,
            "count": 1,
            "self": 0.006524899999999945
        },
        "TrainerController.start_learning": {
            "total": 5.739880599999999,
            "count": 1,
            "self": 0.001962799999998488,
            "children": {
                "TrainerController._reset_env": {
                    "total": 5.2690014000000005,
                    "count": 1,
                    "self": 5.2690014000000005
                },
                "TrainerController.advance": {
                    "total": 0.37398500000000023,
                    "count": 7,
                    "self": 5.920000000081416e-05,
                    "children": {
                        "env_step": {
                            "total": 0.3739257999999994,
                            "count": 7,
                            "self": 0.3697306999999981,
                            "children": {
                                "SubprocessEnvManager._take_step": {
                                    "total": 0.0041458999999992585,
                                    "count": 7,
                                    "self": 0.00027009999999894063,
                                    "children": {
                                        "TorchPolicy.evaluate": {
                                            "total": 0.003875800000000318,
                                            "count": 7,
                                            "self": 0.0007955000000006152,
                                            "children": {
                                                "TorchPolicy.sample_actions": {
                                                    "total": 0.0030802999999997027,
                                                    "count": 7,
                                                    "self": 0.0030802999999997027
                                                }
                                            }
                                        }
                                    }
                                },
                                "workers": {
                                    "total": 4.920000000208091e-05,
                                    "count": 6,
                                    "self": 0.0,
                                    "children": {
                                        "worker_root": {
                                            "total": 0.04483059999999828,
                                            "count": 6,
                                            "is_parallel": true,
                                            "self": 0.014466399999998991,
                                            "children": {
                                                "steps_from_proto": {
                                                    "total": 0.00037379999999931357,
                                                    "count": 1,
                                                    "is_parallel": true,
                                                    "self": 0.0001002999999979437,
                                                    "children": {
                                                        "_process_vector_observation": {
                                                            "total": 0.00027350000000136987,
                                                            "count": 10,
                                                            "is_parallel": true,
                                                            "self": 0.00027350000000136987
                                                        }
                                                    }
                                                },
                                                "UnityEnvironment.step": {
                                                    "total": 0.029990399999999973,
                                                    "count": 6,
                                                    "is_parallel": true,
                                                    "self": 0.0004184000000027055,
                                                    "children": {
                                                        "UnityEnvironment._generate_step_input": {
                                                            "total": 0.00029479999999892925,
                                                            "count": 6,
                                                            "is_parallel": true,
                                                            "self": 0.00029479999999892925
                                                        },
                                                        "communicator.exchange": {
                                                            "total": 0.027509399999998685,
                                                            "count": 6,
                                                            "is_parallel": true,
                                                            "self": 0.027509399999998685
                                                        },
                                                        "steps_from_proto": {
                                                            "total": 0.001767799999999653,
                                                            "count": 6,
                                                            "is_parallel": true,
                                                            "self": 0.00046599999999852315,
                                                            "children": {
                                                                "_process_vector_observation": {
                                                                    "total": 0.0013018000000011298,
                                                                    "count": 60,
                                                                    "is_parallel": true,
                                                                    "self": 0.0013018000000011298
                                                                }
                                                            }
                                                        }
                                                    }
                                                }
                                            }
                                        }
                                    }
                                }
                            }
                        }
                    }
                },
                "trainer_threads": {
                    "total": 1.1800000000228295e-05,
                    "count": 1,
                    "self": 1.1800000000228295e-05,
                    "children": {
                        "thread_root": {
                            "total": 0.0,
                            "count": 0,
                            "is_parallel": true,
                            "self": 0.0,