{
    "name": "root",
    "gauges": {
        "StandardConfig.Policy.Entropy.mean": {
            "value": 0.5474733710289001,
            "min": 0.5272934436798096,
            "max": 2.284058094024658,
            "count": 261
        },
        "StandardConfig.Environment.EpisodeLength.mean": {
            "value": 537.1666666666666,
            "min": 119.83823529411765,
            "max": 1044.142857142857,
            "count": 261
        },
        "StandardConfig.Policy.ExtrinsicValueEstimate.mean": {
            "value": 1.4106639623641968,
            "min": -0.5247336030006409,
            "max": 1.48521888256073,
            "count": 261
        },
        "StandardConfig.Policy.CuriosityValueEstimate.mean": {
            "value": 0.09103091061115265,
            "min": 0.004338714759796858,
            "max": 0.8373718857765198,
            "count": 261
        },
        "StandardConfig.Environment.CumulativeReward.mean": {
            "value": 8.303069656057392,
            "min": -2.9727184027433395,
            "max": 9.870812237262726,
            "count": 261
        },
        "StandardConfig.Policy.ExtrinsicReward.mean": {
            "value": 8.303069656057392,
            "min": -2.9727184027433395,
            "max": 9.870812237262726,
            "count": 261
        },
        "StandardConfig.Policy.CuriosityReward.mean": {
            "value": 0.45503584029810396,
            "min": 0.3714902588504959,
            "max": 8.228711876158531,
            "count": 261
        },
        "StandardConfig.Losses.PolicyLoss.mean": {
            "value": 0.06968374171410688,
            "min": 0.05796189401949318,
            "max": 0.0802072863438048,
            "count": 261
        },
        "StandardConfig.Losses.ValueLoss.mean": {
            "value": 0.01611824863551495,
            "min": 0.003846734978651512,
            "max": 0.03192351175433335,
            "count": 261
        },
        "StandardConfig.Policy.LearningRate.mean": {
            "value": 0.0002843655100114984,
            "min": 0.0002843655100114984,
            "max": 0.000299968743010419,
            "count": 261
        },
        "StandardConfig.Policy.Epsilon.mean": {
            "value": 0.1947885016,
            "min": 0.1947885016,
            "max": 0.199989581,
            "count": 261
        },
        "StandardConfig.Policy.Beta.mean": {
            "value": 0.009479371309840001,
            "min": 0.009479371309840001,
            "max": 0.0099989591419,
            "count": 261
        },
        "StandardConfig.Losses.CuriosityForwardLoss.mean": {
            "value": 0.04155068099498749,
            "min": 0.03949483013483605,
            "max": 0.46451059542596346,
            "count": 261
        },
        "StandardConfig.Losses.CuriosityInverseLoss.mean": {
            "value": 0.07359985716175287,
            "min": 0.05956464402067165,
            "max": 2.081806162372231,
            "count": 261
        },
        "StandardConfig.IsTraining.mean": {
            "value": 1.0,
            "min": 1.0,
            "max": 1.0,
            "count": 261
        }
    },
    "metadata": {
        "timer_format_version": "0.1.0",
        "start_time_seconds": "1611760446",
        "python_version": "3.7.9 (default, Aug 31 2020, 17:10:11) [MSC v.1916 64 bit (AMD64)]",
        "command_line_arguments": "C:\\Users\\PC\\anaconda3\\envs\\mlagents\\Scripts\\mlagents-learn config/comodo.yaml --run-id=RealFinale",
        "mlagents_version": "0.23.0",
        "mlagents_envs_version": "0.23.0",
        "communication_protocol_version": "1.3.0",
        "pytorch_version": "1.7.0+cu110",
        "numpy_version": "1.18.5",
        "end_time_seconds": "1611768075"
    },
    "total": 7629.8382361,
    "count": 1,
    "self": 0.004351900000074238,
    "children": {
        "run_training.setup": {
            "total": 0.005885499999999988,
            "count": 1,
            "self": 0.005885499999999988
        },
        "TrainerController.start_learning": {
            "total": 7629.8279987000005,
            "count": 1,
            "self": 7.459476900323352,
            "children": {
                "TrainerController._reset_env": {
                    "total": 4.5683295,
                    "count": 1,
                    "self": 4.5683295
                },
                "TrainerController.advance": {
                    "total": 7617.710808799678,
                    "count": 330357,
                    "self": 3.5921630994625957,
                    "children": {
                        "env_step": {
                            "total": 7614.118645700215,
                            "count": 330357,
                            "self": 6971.159303300335,
                            "children": {
                                "SubprocessEnvManager._take_step": {
                                    "total": 639.0397343998202,
                                    "count": 330357,
                                    "self": 14.29010299986453,
                                    "children": {
                                        "TorchPolicy.evaluate": {
                                            "total": 624.7496313999557,
                                            "count": 326647,
                                            "self": 123.39317479979934,
                                            "children": {
                                                "TorchPolicy.sample_actions": {
                                                    "total": 501.3564566001563,
                                                    "count": 326647,
                                                    "self": 501.3564566001563
                                                }
                                            }
                                        }
                                    }
                                },
                                "workers": {
                                    "total": 3.919608000060106,
                                    "count": 330356,
                                    "self": 0.0,
                                    "children": {
                                        "worker_root": {
                                            "total": 7616.539810300152,
                                            "count": 330356,
                                            "is_parallel": true,
                                            "self": 1123.53633969998,
                                            "children": {
                                                "steps_from_proto": {
                                                    "total": 0.0009711000000001135,
                                                    "count": 1,
                                                    "is_parallel": true,
                                                    "self": 0.00016080000000151529,
                                                    "children": {
                                                        "_process_vector_observation": {
                                                            "total": 0.0008102999999985983,
                                                            "count": 6,
                                                            "is_parallel": true,
                                                            "self": 0.0008102999999985983
                                                        }
                                                    }
                                                },
                                                "UnityEnvironment.step": {
                                                    "total": 6493.002499500171,
                                                    "count": 330356,
                                                    "is_parallel": true,
                                                    "self": 61.2408343001689,