{
    "name": "root",
    "gauges": {
        "StandardConfig.Policy.Entropy.mean": {
            "value": 1.54275643825531,
            "min": 1.54275643825531,
            "max": 2.2824888229370117,
            "count": 8
        },
        "StandardConfig.Environment.EpisodeLength.mean": {
            "value": 952.9285714285714,
            "min": 227.83870967741936,
            "max": 1384.5,
            "count": 8
        },
        "StandardConfig.Policy.ExtrinsicValueEstimate.mean": {
            "value": -0.24859793484210968,
            "min": -0.46027347445487976,
            "max": -0.24049882590770721,
            "count": 8
        },
        "StandardConfig.Policy.CuriosityValueEstimate.mean": {
            "value": 0.8736292123794556,
            "min": -0.044017862528562546,
            "max": 0.8736292123794556,
            "count": 8
        },
        "StandardConfig.Environment.CumulativeReward.mean": {
            "value": -1.5330890734990439,
            "min": -6.810167965789636,
            "max": -1.5055403686486757,
            "count": 8
        },
        "StandardConfig.Policy.ExtrinsicReward.mean": {
            "value": -1.5330890734990439,
            "min": -6.810167965789636,
            "max": -1.5055403686486757,
            "count": 8
        },
        "StandardConfig.Policy.CuriosityReward.mean": {
            "value": 8.097531694360077,
            "min": 1.336630997157866,
            "max": 8.908340207168035,
            "count": 8
        },
        "StandardConfig.Losses.PolicyLoss.mean": {
            "value": 0.06859344516730441,
            "min": 0.06371935802744702,
            "max": 0.07820747972548227,
            "count": 8
        },
        "StandardConfig.Losses.ValueLoss.mean": {
            "value": 0.015585846141523993,
            "min": 0.0047830510987599455,
            "max": 0.026913188524000965,
            "count": 8
        },
        "StandardConfig.Policy.LearningRate.mean": {
            "value": 0.00029955069614976803,
            "min": 0.00029955069614976803,
            "max": 0.000299968869010377,
            "count": 8
        },
        "StandardConfig.Policy.Epsilon.mean": {
            "value": 0.19985023200000002,
            "min": 0.19985023200000002,
            "max": 0.199989623,
            "count": 8
        },
        "StandardConfig.Policy.Beta.mean": {
            "value": 0.009985038176800002,
            "min": 0.009985038176800002,
            "max": 0.0099989633377,
            "count": 8
        },
        "StandardConfig.Losses.CuriosityForwardLoss.mean": {
            "value": 0.48645405067751807,
            "min": 0.26417178645109135,
            "max": 0.48645405067751807,
            "count": 8
        },
        "StandardConfig.Losses.CuriosityInverseLoss.mean": {
            "value": 0.9162438812976083,
            "min": 0.9162438812976083,
            "max": 2.0328214808056755,
            "count": 8
        },
        "StandardConfig.IsTraining.mean": {
            "value": 1.0,
            "min": 1.0,
            "max": 1.0,
            "count": 8
        }
    },
    "metadata": {
        "timer_format_version": "0.1.0",
        "start_time_seconds": "1611755927",
        "python_version": "3.7.9 (default, Aug 31 2020, 17:10:11) [MSC v.1916 64 bit (AMD64)]",
        "command_line_arguments": "C:\\Users\\PC\\anaconda3\\envs\\mlagents\\Scripts\\mlagents-learn config/comodo.yaml --run-id=DAII34",
        "mlagents_version": "0.23.0",
        "mlagents_envs_version": "0.23.0",
        "communication_protocol_version": "1.3.0",
        "pytorch_version": "1.7.0+cu110",
        "numpy_version": "1.18.5",
        "end_time_seconds": "1611756189"
    },
    "total": 262.62145760000004,
    "count": 1,
    "self": 0.004136200000004919,
    "children": {
        "run_training.setup": {
            "total": 0.006226599999999971,
            "count": 1,
            "self": 0.006226599999999971
        },
        "TrainerController.start_learning": {
            "total": 262.61109480000005,
            "count": 1,
            "self": 0.7773388000001091,
            "children": {
                "TrainerController._reset_env": {
                    "total": 3.4186533,
                    "count": 1,
                    "self": 3.4186533
                },
                "TrainerController.advance": {
                    "total": 258.3115205,
                    "count": 11019,
                    "self": 0.1146362999993471,
                    "children": {
                        "env_step": {
                            "total": 258.1968842000006,
                            "count": 11019,
                            "self": 236.8145998999999,
                            "children": {
                                "SubprocessEnvManager._take_step": {
                                    "total": 21.252662700001178,
                                    "count": 11019,
                                    "self": 0.47533140000129137,
                                    "children": {
                                        "TorchPolicy.evaluate": {
                                            "total": 20.777331299999886,
                                            "count": 10927,
                                            "self": 3.881274000000154,
                                            "children": {
                                                "TorchPolicy.sample_actions": {
                                                    "total": 16.896057299999732,
                                                    "count": 10927,
                                                    "self": 16.896057299999732
                                                }
                                            }
                                        }
                                    }
                                },
                                "workers": {
                                    "total": 0.12962159999952938,
                                    "count": 11018,
                                    "self": 0.0,
                                    "children": {
                                        "worker_root": {
                                            "total": 258.274987699999,
                                            "count": 11018,
                                            "is_parallel": true,
                                            "self": 37.111680799998595,
                                            "children": {
                                                "steps_from_proto": {
                                                    "total": 0.00086990000000009,
                                                    "count": 1,
                                                    "is_parallel": true,
                                                    "self": 0.00015440000000088716,
                                                    "children": {
                                                        "_process_vector_observation": {
                                                            "total": 0.0007154999999992029,
                                                            "count": 6,
                                                            "is_parallel": true,
                                                            "self": 0.0007154999999992029
                                                        }
                                                    }
                                                },
                                                "UnityEnvironment.step": {
                                                    "total": 221.16243700000038,
                                                    "count": 11018,
                                                    "is_parallel": true,
                                                    "self": 2.0033934999996745,