{
    "name": "root",
    "gauges": {
        "StandardConfig.Policy.Entropy.mean": {
            "value": 1.4189382791519165,
            "min": 1.4189382791519165,
            "max": 1.418938398361206,
            "count": 8
        },
        "StandardConfig.Policy.ExtrinsicValueEstimate.mean": {
            "value": 7.566009044647217,
            "min": 7.44325065612793,
            "max": 8.910370826721191,
            "count": 8
        },
        "StandardConfig.Policy.CuriosityValueEstimate.mean": {
            "value": -76.60442352294922,
            "min": -77.78713989257812,
            "max": -76.0531005859375,
            "count": 8
        },
        "StandardConfig.IsTraining.mean": {
            "value": 1.0,
            "min": 1.0,
            "max": 1.0,
            "count": 8
        },
        "StandardConfig.Environment.EpisodeLength.mean": {
            "value": 3332.0,
            "min": 3332.0,
            "max": 5296.0,
            "count": 4
        },
        "StandardConfig.Environment.CumulativeReward.mean": {
            "value": -29.74166129032771,
            "min": -40.202968806028366,
            "max": -29.74166129032771,
            "count": 4
        },
        "StandardConfig.Policy.ExtrinsicReward.mean": {
            "value": -29.74166129032771,
            "min": -40.202968806028366,
            "max": -29.74166129032771,
            "count": 4
        },
        "StandardConfig.Policy.CuriosityReward.mean": {
            "value": 0.0,
            "min": 0.0,
            "max": 0.0,
            "count": 4
        }
    },
    "metadata": {
        "timer_format_version": "0.1.0",
        "start_time_seconds": "1611740189",
        "python_version": "3.7.9 (default, Aug 31 2020, 17:10:11) [MSC v.1916 64 bit (AMD64)]",
        "command_line_arguments": "C:\\Users\\PC\\anaconda3\\envs\\mlagents\\Scripts\\mlagents-learn config/comodo.yaml --run-id=DAIII2",
        "mlagents_version": "0.23.0",
        "mlagents_envs_version": "0.23.0",
        "communication_protocol_version": "1.3.0",
        "pytorch_version": "1.7.0+cu110",
        "numpy_version": "1.18.5",
        "end_time_seconds": "1611740453"
    },
    "total": 264.1449305,
    "count": 1,
    "self": 0.005678400000022066,
    "children": {
        "run_training.setup": {
            "total": 0.006166600000000022,
            "count": 1,
            "self": 0.006166600000000022
        },
        "TrainerController.start_learning": {
            "total": 264.1330855,
            "count": 1,
            "self": 0.19575960000008763,
            "children": {
                "TrainerController._reset_env": {
                    "total": 21.2435587,
                    "count": 1,
                    "self": 21.2435587
                },
                "TrainerController.advance": {
                    "total": 242.6226414999999,
                    "count": 10976,
                    "self": 0.09511539999911633,
                    "children": {
                        "env_step": {
                            "total": 242.52752610000078,
                            "count": 10976,
                            "self": 225.62813500000127,
                            "children": {
                                "SubprocessEnvManager._take_step": {
                                    "total": 16.789188500000172,
                                    "count": 10976,
                                    "self": 0.46276130000121185,
                                    "children": {
                                        "TorchPolicy.evaluate": {
                                            "total": 16.32642719999896,
                                            "count": 10967,
                                            "self": 2.2183703000001067,
                                            "children": {
                                                "TorchPolicy.sample_actions": {
                                                    "total": 14.108056899998854,
                                                    "count": 10967,
                                                    "self": 14.108056899998854
                                                }
                                            }
                                        }
                                    }
                                },
                                "workers": {
                                    "total": 0.11020259999935433,
                                    "count": 10975,
                                    "self": 0.0,
                                    "children": {
                                        "worker_root": {
                                            "total": 242.59915059999884,
                                            "count": 10975,
                                            "is_parallel": true,
                                            "self": 27.365917799998243,
                                            "children": {
                                                "steps_from_proto": {
                                                    "total": 0.0007736999999998773,
                                                    "count": 1,
                                                    "is_parallel": true,
                                                    "self": 7.680000000576115e-05,
                                                    "children": {
                                                        "_process_vector_observation": {
                                                            "total": 0.0006968999999941161,
                                                            "count": 6,
                                                            "is_parallel": true,
                                                            "self": 0.0006968999999941161
                                                        }
                                                    }
                                                },
                                                "UnityEnvironment.step": {
                                                    "total": 215.2324591000006,
                                                    "count": 10975,
                                                    "is_parallel": true,
                                                    "self": 1.7269079000012368,
                                                    "children": {
                                                        "UnityEnvironment._generate_step_input": {
                                                            "total": 1.431990999999929,
                                                            "count": 10975,
                                                            "is_parallel": true,
                                                            "self": 1.431990999999929
                                                        },
                                                        "communicator.exchange": {
                                                            "total": 203.71853810000067,
                                                            "count": 10975,
                                                            "is_parallel": true,
                                                            "self": 203.71853810000067
                                                        },
                                                        "steps_from_proto": {
                                                            "total": 8.355022099998763,
                                                            "count": 10975,
                                                            "is_parallel": true,
                                                            "self": 0.7980896000005373,