{
    "name": "root",
    "gauges": {
        "StandardConfig.Policy.Entropy.mean": {
            "value": 1.5893107652664185,
            "min": 1.5893107652664185,
            "max": 2.2858235836029053,
            "count": 9
        },
        "StandardConfig.Policy.ExtrinsicValueEstimate.mean": {
            "value": 0.463422566652298,
            "min": -0.2726035714149475,
            "max": 0.463422566652298,
            "count": 9
        },
        "StandardConfig.Policy.CuriosityValueEstimate.mean": {
            "value": 0.7418956756591797,
            "min": 0.3646465539932251,
            "max": 0.7418956756591797,
            "count": 9
        },
        "StandardConfig.Losses.PolicyLoss.mean": {
            "value": 0.07259331899792112,
            "min": 0.06768653361799022,
            "max": 0.07652942142158281,
            "count": 9
        },
        "StandardConfig.Losses.ValueLoss.mean": {
            "value": 0.03632896875496954,
            "min": 0.00959668543535586,
            "max": 0.06961144852296759,
            "count": 9
        },
        "StandardConfig.Policy.LearningRate.mean": {
            "value": 0.0002994909445696852,
            "min": 0.0002994909445696852,
            "max": 0.00029996313601228795,
            "count": 9
        },
        "StandardConfig.Policy.Epsilon.mean": {
            "value": 0.19983031480000002,
            "min": 0.19983031480000002,
            "max": 0.19998771199999998,
            "count": 9
        },
        "StandardConfig.Policy.Beta.mean": {
            "value": 0.009983048448520002,
            "min": 0.009983048448520002,
            "max": 0.009998772428800002,
            "count": 9
        },
        "StandardConfig.Losses.CuriosityForwardLoss.mean": {
            "value": 0.39754556591312096,
            "min": 0.2779215109208743,
            "max": 1.7112426225406427,
            "count": 9
        },
        "StandardConfig.Losses.CuriosityInverseLoss.mean": {
            "value": 0.9411181998749575,
            "min": 0.9411181998749575,
            "max": 2.0370055374999843,
            "count": 9
        },
        "StandardConfig.IsTraining.mean": {
            "value": 1.0,
            "min": 1.0,
            "max": 1.0,
            "count": 9
        },
        "StandardConfig.Environment.EpisodeLength.mean": {
            "value": 1525.857142857143,
            "min": 1208.0,
            "max": 2397.1428571428573,
            "count": 8
        },
        "StandardConfig.Environment.CumulativeReward.mean": {
            "value": 4.4624167659452985,
            "min": -5.059808671474457,
            "max": 4.4624167659452985,
            "count": 8
        },
        "StandardConfig.Policy.ExtrinsicReward.mean": {
            "value": 4.4624167659452985,
            "min": -5.059808671474457,
            "max": 4.4624167659452985,
            "count": 8
        },
        "StandardConfig.Policy.CuriosityReward.mean": {
            "value": 11.143143306885447,
            "min": 8.032895819749683,
            "max": 15.249410143494606,
            "count": 8
        }
    },
    "metadata": {
        "timer_format_version": "0.1.0",
        "start_time_seconds": "1611752190",
        "python_version": "3.7.9 (default, Aug 31 2020, 17:10:11) [MSC v.1916 64 bit (AMD64)]",
        "command_line_arguments": "C:\\Users\\PC\\anaconda3\\envs\\mlagents\\Scripts\\mlagents-learn config/comodo.yaml --run-id=DAII24",
        "mlagents_version": "0.23.0",
        "mlagents_envs_version": "0.23.0",
        "communication_protocol_version": "1.3.0",
        "pytorch_version": "1.7.0+cu110",
        "numpy_version": "1.18.5",
        "end_time_seconds": "1611752414"
    },
    "total": 223.9204733,
    "count": 1,
    "self": 0.004511600000000726,
    "children": {
        "run_training.setup": {
            "total": 0.0065469999999999695,
            "count": 1,
            "self": 0.0065469999999999695
        },
        "TrainerController.start_learning": {
            "total": 223.90941469999999,
            "count": 1,
            "self": 1.1281201000003591,
            "children": {
                "TrainerController._reset_env": {
                    "total": 4.4765442,
                    "count": 1,
                    "self": 4.4765442
                },
                "TrainerController.advance": {
                    "total": 218.19213649999963,
                    "count": 5944,
                    "self": 0.06743489999939811,
                    "children": {
                        "env_step": {
                            "total": 218.12470160000024,
                            "count": 5944,
                            "self": 203.38662399999913,
                            "children": {
                                "SubprocessEnvManager._take_step": {
                                    "total": 14.66523090000063,
                                    "count": 5944,
                                    "self": 0.2888423000010132,
                                    "children": {
                                        "TorchPolicy.evaluate": {
                                            "total": 14.376388599999617,
                                            "count": 5911,
                                            "self": 2.846956799998992,
                                            "children": {
                                                "TorchPolicy.sample_actions": {
                                                    "total": 11.529431800000625,
                                                    "count": 5911,
                                                    "self": 11.529431800000625
                                                }
                                            }
                                        }
                                    }
                                },
                                "workers": {
                                    "total": 0.07284670000048266,
                                    "count": 5943,
                                    "self": 0.0,
                                    "children": {
                                        "worker_root": {
                                            "total": 218.17660699999902,
                                            "count": 5943,
                                            "is_parallel": true,
                                            "self": 27.291976099998863,
                                            "children": {
                                                "steps_from_proto": {
                                                    "total": 0.0014087000000007066,
                                                    "count": 1,
                                                    "is_parallel": true,
                                                    "self": 0.00017700000000164806,
                                                    "children": {
                                                        "_process_vector_observation": {
                                                            "total": 0.0012316999999990585,
                                                            "count": 6,
                                                            "is_parallel": true,
                                                            "self": 0.0012316999999990585
                                                        }
                                                    }
                                                },
                                                "UnityEnvironment.step": {
                                                    "total": 190.88322220000015,
                                                    "count": 5943,
                                                    "is_parallel": true,
                                                    "self": 1.7370307999993884,