{
    "name": "root",
    "metadata": {
        "timer_format_version": "0.1.0",
        "start_time_seconds": "1611705383",
        "python_version": "3.7.9 (default, Aug 31 2020, 17:10:11) [MSC v.1916 64 bit (AMD64)]",
        "command_line_arguments": "C:\\Users\\PC\\anaconda3\\envs\\mlagents\\Scripts\\mlagents-learn config/comodo.yaml --run-id=NonCeLaFaccioPiu35",
        "mlagents_version": "0.23.0",
        "mlagents_envs_version": "0.23.0",
        "communication_protocol_version": "1.3.0",
        "pytorch_version": "1.7.0+cu110",
        "numpy_version": "1.18.5",
        "end_time_seconds": "1611705418"
    },
    "total": 35.246931399999994,
    "count": 1,
    "self": 0.004076699999998823,
    "children": {
        "run_training.setup": {
            "total": 0.006092099999999934,
            "count": 1,
            "self": 0.006092099999999934
        },
        "TrainerController.start_learning": {
            "total": 35.2367626,
            "count": 1,
            "self": 0.09519870000009689,
            "children": {
                "TrainerController._reset_env": {
                    "total": 3.5935843,
                    "count": 1,
                    "self": 3.5935843
                },
                "TrainerController.advance": {
                    "total": 31.483007699999902,
                    "count": 6387,
                    "self": 0.048796699999730464,
                    "children": {
                        "env_step": {
                            "total": 31.43421100000017,
                            "count": 6387,
                            "self": 27.675826399999938,
                            "children": {
                                "SubprocessEnvManager._take_step": {
                                    "total": 3.7044561999999344,
                                    "count": 6387,
                                    "self": 0.21047319999996716,
                                    "children": {
                                        "TorchPolicy.evaluate": {
                                            "total": 3.493982999999967,
                                            "count": 6384,
                                            "self": 0.6521217999999669,
                                            "children": {
                                                "TorchPolicy.sample_actions": {
                                                    "total": 2.8418612000000003,
                                                    "count": 6384,
                                                    "self": 2.8418612000000003
                                                }
                                            }
                                        }
                                    }
                                },
                                "workers": {
                                    "total": 0.053928400000299526,
                                    "count": 6386,
                                    "self": 0.0,
                                    "children": {
                                        "worker_root": {
                                            "total": 31.466538700000104,
                                            "count": 6386,
                                            "is_parallel": true,
                                            "self": 7.472557499999933,
                                            "children": {
                                                "steps_from_proto": {
                                                    "total": 0.000314400000000159,
                                                    "count": 1,
                                                    "is_parallel": true,
                                                    "self": 7.469999999987209e-05,
                                                    "children": {
                                                        "_process_vector_observation": {
                                                            "total": 0.0002397000000002869,
                                                            "count": 6,
                                                            "is_parallel": true,
                                                            "self": 0.0002397000000002869
                                                        }
                                                    }
                                                },
                                                "UnityEnvironment.step": {
                                                    "total": 23.99366680000017,
                                                    "count": 6386,
                                                    "is_parallel": true,
                                                    "self": 0.38694640000000646,
                                                    "children": {
                                                        "UnityEnvironment._generate_step_input": {
                                                            "total": 0.26498030000011497,
                                                            "count": 6386,
                                                            "is_parallel": true,
                                                            "self": 0.26498030000011497
                                                        },
                                                        "communicator.exchange": {
                                                            "total": 21.90394890000005,
                                                            "count": 6386,
                                                            "is_parallel": true,
                                                            "self": 21.90394890000005
                                                        },
                                                        "steps_from_proto": {
                                                            "total": 1.4377911999999986,
                                                            "count": 6386,
                                                            "is_parallel": true,
                                                            "self": 0.37900100000019243,
                                                            "children": {
                                                                "_process_vector_observation": {
                                                                    "total": 1.0587901999998062,
                                                                    "count": 38316,
                                                                    "is_parallel": true,
                                                                    "self": 1.0587901999998062
                                                                }
                                                            }
                                                        }
                                                    }
                                                }
                                            }
                                        }
                                    }
                                }
                            }
                        }
                    }
                },
                "trainer_threads": {
                    "total": 1.4700000001255376e-05,
                    "count": 1,
                    "self": 1.4700000001255376e-05,
                    "children": {
                        "thread_root": {
                            "total": 0.0,
                            "count": 0,
                            "is_parallel": true,
                            "self": 0.0,
                            "children": {
                                "trainer_advance": {
                                    "total": 31.4498262,