{
    "name": "root",
    "metadata": {
        "timer_format_version": "0.1.0",
        "start_time_seconds": "1611616776",
        "python_version": "3.7.9 (default, Aug 31 2020, 17:10:11) [MSC v.1916 64 bit (AMD64)]",
        "command_line_arguments": "C:\\Users\\PC\\anaconda3\\envs\\mlagents\\Scripts\\mlagents-learn config/comodo.yaml --run-id=test38",
        "mlagents_version": "0.23.0",
        "mlagents_envs_version": "0.23.0",
        "communication_protocol_version": "1.3.0",
        "pytorch_version": "1.7.0+cu110",
        "numpy_version": "1.18.5",
        "end_time_seconds": "1611616806"
    },
    "total": 29.2547675,
    "count": 1,
    "self": 0.004324999999997914,
    "children": {
        "run_training.setup": {
            "total": 0.006211399999999978,
            "count": 1,
            "self": 0.006211399999999978
        },
        "TrainerController.start_learning": {
            "total": 29.2442311,
            "count": 1,
            "self": 0.0973426000001183,
            "children": {
                "TrainerController._reset_env": {
                    "total": 3.5567919999999997,
                    "count": 1,
                    "self": 3.5567919999999997
                },
                "TrainerController.advance": {
                    "total": 25.527985699999885,
                    "count": 5899,
                    "self": 0.0482423999998538,
                    "children": {
                        "env_step": {
                            "total": 25.47974330000003,
                            "count": 5899,
                            "self": 22.254532800000057,
                            "children": {
                                "SubprocessEnvManager._take_step": {
                                    "total": 3.169641900000001,
                                    "count": 5899,
                                    "self": 0.21779550000000913,
                                    "children": {
                                        "TorchPolicy.evaluate": {
                                            "total": 2.951846399999992,
                                            "count": 5894,
                                            "self": 0.6646569999999343,
                                            "children": {
                                                "TorchPolicy.sample_actions": {
                                                    "total": 2.2871894000000577,
                                                    "count": 5894,
                                                    "self": 2.2871894000000577
                                                }
                                            }
                                        }
                                    }
                                },
                                "workers": {
                                    "total": 0.0555685999999751,
                                    "count": 5898,
                                    "self": 0.0,
                                    "children": {
                                        "worker_root": {
                                            "total": 25.516336399999933,
                                            "count": 5898,
                                            "is_parallel": true,
                                            "self": 6.921765300000004,
                                            "children": {
                                                "steps_from_proto": {
                                                    "total": 0.0003932999999998188,
                                                    "count": 1,
                                                    "is_parallel": true,
                                                    "self": 9.510000000023666e-05,
                                                    "children": {
                                                        "_process_vector_observation": {
                                                            "total": 0.00029819999999958213,
                                                            "count": 10,
                                                            "is_parallel": true,
                                                            "self": 0.00029819999999958213
                                                        }
                                                    }
                                                },
                                                "UnityEnvironment.step": {
                                                    "total": 18.59417779999993,
                                                    "count": 5898,
                                                    "is_parallel": true,
                                                    "self": 0.38330260000004657,
                                                    "children": {
                                                        "UnityEnvironment._generate_step_input": {
                                                            "total": 0.31531909999991736,
                                                            "count": 5898,
                                                            "is_parallel": true,
                                                            "self": 0.31531909999991736
                                                        },
                                                        "communicator.exchange": {
                                                            "total": 16.23454769999992,
                                                            "count": 5898,
                                                            "is_parallel": true,
                                                            "self": 16.23454769999992
                                                        },
                                                        "steps_from_proto": {
                                                            "total": 1.6610084000000471,
                                                            "count": 5898,
                                                            "is_parallel": true,
                                                            "self": 0.4343552999996376,
                                                            "children": {
                                                                "_process_vector_observation": {
                                                                    "total": 1.2266531000004095,
                                                                    "count": 58980,
                                                                    "is_parallel": true,
                                                                    "self": 1.2266531000004095
                                                                }
                                                            }
                                                        }
                                                    }
                                                }
                                            }
                                        }
                                    }
                                }
                            }
                        }
                    }
                },
                "trainer_threads": {
                    "total": 1.5300000001161607e-05,
                    "count": 1,
                    "self": 1.5300000001161607e-05,
                    "children": {
                        "thread_root": {
                            "total": 0.0,
                            "count": 0,
                            "is_parallel": true,
                            "self": 0.0,
                            "children": {
                                "trainer_advance": {
                                    "total": 25.51655249999991,