{
    "name": "root",
    "metadata": {
        "timer_format_version": "0.1.0",
        "start_time_seconds": "1611697338",
        "python_version": "3.7.9 (default, Aug 31 2020, 17:10:11) [MSC v.1916 64 bit (AMD64)]",
        "command_line_arguments": "C:\\Users\\PC\\anaconda3\\envs\\mlagents\\Scripts\\mlagents-learn config/comodo.yaml --run-id=NonCeLaFaccioPiu19",
        "mlagents_version": "0.23.0",
        "mlagents_envs_version": "0.23.0",
        "communication_protocol_version": "1.3.0",
        "pytorch_version": "1.7.0+cu110",
        "numpy_version": "1.18.5",
        "end_time_seconds": "1611697351"
    },
    "total": 12.3568214,
    "count": 1,
    "self": 0.004432699999998846,
    "children": {
        "run_training.setup": {
            "total": 0.006201300000000076,
            "count": 1,
            "self": 0.006201300000000076
        },
        "TrainerController.start_learning": {
            "total": 12.3461874,
            "count": 1,
            "self": 0.0029605000000056947,
            "children": {
                "TrainerController._reset_env": {
                    "total": 4.2000462,
                    "count": 1,
                    "self": 4.2000462
                },
                "TrainerController.advance": {
                    "total": 8.068007799999997,
                    "count": 101,
                    "self": 0.0010727999999886606,
                    "children": {
                        "env_step": {
                            "total": 8.066935000000008,
                            "count": 101,
                            "self": 7.977997300000026,
                            "children": {
                                "SubprocessEnvManager._take_step": {
                                    "total": 0.08788529999998573,
                                    "count": 101,
                                    "self": 0.005695099999985409,
                                    "children": {
                                        "TorchPolicy.evaluate": {
                                            "total": 0.08219020000000032,
                                            "count": 101,
                                            "self": 0.016157199999986993,
                                            "children": {
                                                "TorchPolicy.sample_actions": {
                                                    "total": 0.06603300000001333,
                                                    "count": 101,
                                                    "self": 0.06603300000001333
                                                }
                                            }
                                        }
                                    }
                                },
                                "workers": {
                                    "total": 0.0010523999999962896,
                                    "count": 100,
                                    "self": 0.0,
                                    "children": {
                                        "worker_root": {
                                            "total": 8.052890699999997,
                                            "count": 100,
                                            "is_parallel": true,
                                            "self": 0.2065577000000065,
                                            "children": {
                                                "steps_from_proto": {
                                                    "total": 0.001233699999999338,
                                                    "count": 1,
                                                    "is_parallel": true,
                                                    "self": 8.769999999902467e-05,
                                                    "children": {
                                                        "_process_vector_observation": {
                                                            "total": 0.0011460000000003134,
                                                            "count": 6,
                                                            "is_parallel": true,
                                                            "self": 0.0011460000000003134
                                                        }
                                                    }
                                                },
                                                "UnityEnvironment.step": {
                                                    "total": 7.845099299999991,
                                                    "count": 100,
                                                    "is_parallel": true,
                                                    "self": 0.026652899999992208,
                                                    "children": {
                                                        "UnityEnvironment._generate_step_input": {
                                                            "total": 0.0229805000000054,
                                                            "count": 100,
                                                            "is_parallel": true,
                                                            "self": 0.0229805000000054
                                                        },
                                                        "communicator.exchange": {
                                                            "total": 7.6729137,
                                                            "count": 100,
                                                            "is_parallel": true,
                                                            "self": 7.6729137
                                                        },
                                                        "steps_from_proto": {
                                                            "total": 0.12255219999999412,
                                                            "count": 100,
                                                            "is_parallel": true,
                                                            "self": 0.00846830000000054,
                                                            "children": {
                                                                "_process_vector_observation": {
                                                                    "total": 0.11408389999999358,
                                                                    "count": 600,
                                                                    "is_parallel": true,
                                                                    "self": 0.11408389999999358
                                                                }
                                                            }
                                                        }
                                                    }
                                                }
                                            }
                                        }
                                    }
                                }
                            }
                        }
                    }
                },
                "trainer_threads": {
                    "total": 1.699999999971169e-05,
                    "count": 1,
                    "self": 1.699999999971169e-05,
                    "children": {
                        "thread_root": {
                            "total": 0.0,
                            "count": 0,
                            "is_parallel": true,
                            "self": 0.0,
                            "children": {
                                "trainer_advance": {
                                    "total": 8.036999800000002,
                                    "count": 4041,