{
    "name": "root",
    "metadata": {
        "timer_format_version": "0.1.0",
        "start_time_seconds": "1611755014",
        "python_version": "3.7.9 (default, Aug 31 2020, 17:10:11) [MSC v.1916 64 bit (AMD64)]",
        "command_line_arguments": "C:\\Users\\PC\\anaconda3\\envs\\mlagents\\Scripts\\mlagents-learn config/comodo.yaml --run-id=DAII30",
        "mlagents_version": "0.23.0",
        "mlagents_envs_version": "0.23.0",
        "communication_protocol_version": "1.3.0",
        "pytorch_version": "1.7.0+cu110",
        "numpy_version": "1.18.5",
        "end_time_seconds": "1611755022"
    },
    "total": 7.563629800000001,
    "count": 1,
    "self": 0.005186300000000088,
    "children": {
        "run_training.setup": {
            "total": 0.00611600000000001,
            "count": 1,
            "self": 0.00611600000000001
        },
        "TrainerController.start_learning": {
            "total": 7.5523275000000005,
            "count": 1,
            "self": 0.002188799999996327,
            "children": {
                "TrainerController._reset_env": {
                    "total": 4.1482121,
                    "count": 1,
                    "self": 4.1482121
                },
                "TrainerController.advance": {
                    "total": 3.3001713000000032,
                    "count": 73,
                    "self": 0.0006558999999990434,
                    "children": {
                        "env_step": {
                            "total": 3.299515400000004,
                            "count": 73,
                            "self": 3.1857740000000128,
                            "children": {
                                "SubprocessEnvManager._take_step": {
                                    "total": 0.1130757999999954,
                                    "count": 73,
                                    "self": 0.0030735999999933483,
                                    "children": {
                                        "TorchPolicy.evaluate": {
                                            "total": 0.11000220000000205,
                                            "count": 71,
                                            "self": 0.016112099999999963,
                                            "children": {
                                                "TorchPolicy.sample_actions": {
                                                    "total": 0.09389010000000209,
                                                    "count": 71,
                                                    "self": 0.09389010000000209
                                                }
                                            }
                                        }
                                    }
                                },
                                "workers": {
                                    "total": 0.0006655999999960471,
                                    "count": 72,
                                    "self": 0.0,
                                    "children": {
                                        "worker_root": {
                                            "total": 3.298639799999994,
                                            "count": 72,
                                            "is_parallel": true,
                                            "self": 0.20402769999999393,
                                            "children": {
                                                "steps_from_proto": {
                                                    "total": 0.0015570000000000306,
                                                    "count": 1,
                                                    "is_parallel": true,
                                                    "self": 0.00020440000000121472,
                                                    "children": {
                                                        "_process_vector_observation": {
                                                            "total": 0.0013525999999988159,
                                                            "count": 6,
                                                            "is_parallel": true,
                                                            "self": 0.0013525999999988159
                                                        }
                                                    }
                                                },
                                                "UnityEnvironment.step": {
                                                    "total": 3.0930551,
                                                    "count": 72,
                                                    "is_parallel": true,
                                                    "self": 0.01844210000000235,
                                                    "children": {
                                                        "UnityEnvironment._generate_step_input": {
                                                            "total": 0.015369299999998809,
                                                            "count": 72,
                                                            "is_parallel": true,
                                                            "self": 0.015369299999998809
                                                        },
                                                        "communicator.exchange": {
                                                            "total": 2.9631550000000004,
                                                            "count": 72,
                                                            "is_parallel": true,
                                                            "self": 2.9631550000000004
                                                        },
                                                        "steps_from_proto": {
                                                            "total": 0.09608869999999836,
                                                            "count": 72,
                                                            "is_parallel": true,
                                                            "self": 0.010162099999999619,
                                                            "children": {
                                                                "_process_vector_observation": {
                                                                    "total": 0.08592659999999874,
                                                                    "count": 432,
                                                                    "is_parallel": true,
                                                                    "self": 0.08592659999999874
                                                                }
                                                            }
                                                        }
                                                    }
                                                }
                                            }
                                        }
                                    }
                                }
                            }
                        }
                    }
                },
                "trainer_threads": {
                    "total": 1.2999999999152578e-05,
                    "count": 1,
                    "self": 1.2999999999152578e-05,
                    "children": {
                        "thread_root": {
                            "total": 0.0,
                            "count": 0,
                            "is_parallel": true,
                            "self": 0.0,
                            "children": {
                                "trainer_advance": {
                                    "total": 3.2906905000000037,