{
    "name": "root",
    "metadata": {
        "timer_format_version": "0.1.0",
        "start_time_seconds": "1611694882",
        "python_version": "3.7.9 (default, Aug 31 2020, 17:10:11) [MSC v.1916 64 bit (AMD64)]",
        "command_line_arguments": "C:\\Users\\PC\\anaconda3\\envs\\mlagents\\Scripts\\mlagents-learn config/comodo.yaml --run-id=NonCeLaFaccioPiu15",
        "mlagents_version": "0.23.0",
        "mlagents_envs_version": "0.23.0",
        "communication_protocol_version": "1.3.0",
        "pytorch_version": "1.7.0+cu110",
        "numpy_version": "1.18.5",
        "end_time_seconds": "1611694914"
    },
    "total": 32.2006151,
    "count": 1,
    "self": 0.004566400000001636,
    "children": {
        "run_training.setup": {
            "total": 0.00626850000000001,
            "count": 1,
            "self": 0.00626850000000001
        },
        "TrainerController.start_learning": {
            "total": 32.1897802,
            "count": 1,
            "self": 0.14722580000001528,
            "children": {
                "TrainerController._reset_env": {
                    "total": 2.8862907,
                    "count": 1,
                    "self": 2.8862907
                },
                "TrainerController.advance": {
                    "total": 29.083128199999983,
                    "count": 9073,
                    "self": 0.0779040999999161,
                    "children": {
                        "env_step": {
                            "total": 29.005224100000067,
                            "count": 9073,
                            "self": 23.327596400000125,
                            "children": {
                                "SubprocessEnvManager._take_step": {
                                    "total": 5.594023600000089,
                                    "count": 9073,
                                    "self": 0.33893090000012904,
                                    "children": {
                                        "TorchPolicy.evaluate": {
                                            "total": 5.25509269999996,
                                            "count": 9073,
                                            "self": 1.081891900000052,
                                            "children": {
                                                "TorchPolicy.sample_actions": {
                                                    "total": 4.173200799999908,
                                                    "count": 9073,
                                                    "self": 4.173200799999908
                                                }
                                            }
                                        }
                                    }
                                },
                                "workers": {
                                    "total": 0.08360409999985352,
                                    "count": 9072,
                                    "self": 0.0,
                                    "children": {
                                        "worker_root": {
                                            "total": 29.0673468999999,
                                            "count": 9072,
                                            "is_parallel": true,
                                            "self": 11.296727300000008,
                                            "children": {
                                                "steps_from_proto": {
                                                    "total": 0.00020180000000014076,
                                                    "count": 1,
                                                    "is_parallel": true,
                                                    "self": 6.680000000036657e-05,
                                                    "children": {
                                                        "_process_vector_observation": {
                                                            "total": 0.0001349999999997742,
                                                            "count": 2,
                                                            "is_parallel": true,
                                                            "self": 0.0001349999999997742
                                                        }
                                                    }
                                                },
                                                "UnityEnvironment.step": {
                                                    "total": 17.770417799999894,
                                                    "count": 9072,
                                                    "is_parallel": true,
                                                    "self": 0.485195600000047,
                                                    "children": {
                                                        "UnityEnvironment._generate_step_input": {
                                                            "total": 0.40188720000002975,
                                                            "count": 9072,
                                                            "is_parallel": true,
                                                            "self": 0.40188720000002975
                                                        },
                                                        "communicator.exchange": {
                                                            "total": 15.887470199999925,
                                                            "count": 9072,
                                                            "is_parallel": true,
                                                            "self": 15.887470199999925
                                                        },
                                                        "steps_from_proto": {
                                                            "total": 0.9958647999998944,
                                                            "count": 9072,
                                                            "is_parallel": true,
                                                            "self": 0.43262419999998913,
                                                            "children": {
                                                                "_process_vector_observation": {
                                                                    "total": 0.5632405999999053,
                                                                    "count": 18144,
                                                                    "is_parallel": true,
                                                                    "self": 0.5632405999999053
                                                                }
                                                            }
                                                        }
                                                    }
                                                }
                                            }
                                        }
                                    }
                                }
                            }
                        }
                    }
                },
                "trainer_threads": {
                    "total": 1.8300000000692762e-05,
                    "count": 1,
                    "self": 1.8300000000692762e-05,
                    "children": {
                        "thread_root": {
                            "total": 0.0,
                            "count": 0,
                            "is_parallel": true,
                            "self": 0.0,
                            "children": {
                                "trainer_advance": {
                                    "total": 29.102621099999876,