{
    "name": "root",
    "metadata": {
        "timer_format_version": "0.1.0",
        "start_time_seconds": "1611609156",
        "python_version": "3.7.9 (default, Aug 31 2020, 17:10:11) [MSC v.1916 64 bit (AMD64)]",
        "command_line_arguments": "C:\\Users\\PC\\anaconda3\\envs\\mlagents\\Scripts\\mlagents-learn config/comodo.yaml --run-id=test9",
        "mlagents_version": "0.23.0",
        "mlagents_envs_version": "0.23.0",
        "communication_protocol_version": "1.3.0",
        "pytorch_version": "1.7.0+cu110",
        "numpy_version": "1.18.5",
        "end_time_seconds": "1611609314"
    },
    "total": 157.9999442,
    "count": 1,
    "self": 0.02170529999997939,
    "children": {
        "run_training.setup": {
            "total": 0.006081400000000015,
            "count": 1,
            "self": 0.006081400000000015
        },
        "TrainerController.start_learning": {
            "total": 157.9721575,
            "count": 1,
            "self": 0.6638470000005157,
            "children": {
                "TrainerController._reset_env": {
                    "total": 4.3598902,
                    "count": 1,
                    "self": 4.3598902
                },
                "TrainerController.advance": {
                    "total": 152.8428454999995,
                    "count": 39049,
                    "self": 0.3376687999993635,
                    "children": {
                        "env_step": {
                            "total": 152.50517670000013,
                            "count": 39049,
                            "self": 128.05206379999814,
                            "children": {
                                "SubprocessEnvManager._take_step": {
                                    "total": 24.067843700001088,
                                    "count": 39049,
                                    "self": 1.5454532999980444,
                                    "children": {
                                        "TorchPolicy.evaluate": {
                                            "total": 22.522390400003044,
                                            "count": 39031,
                                            "self": 5.022175300000736,
                                            "children": {
                                                "TorchPolicy.sample_actions": {
                                                    "total": 17.500215100002308,
                                                    "count": 39031,
                                                    "self": 17.500215100002308
                                                }
                                            }
                                        }
                                    }
                                },
                                "workers": {
                                    "total": 0.38526920000090925,
                                    "count": 39048,
                                    "self": 0.0,
                                    "children": {
                                        "worker_root": {
                                            "total": 152.76149479999853,
                                            "count": 39048,
                                            "is_parallel": true,
                                            "self": 49.45223239999582,
                                            "children": {
                                                "steps_from_proto": {
                                                    "total": 0.00028149999999982356,
                                                    "count": 1,
                                                    "is_parallel": true,
                                                    "self": 7.159999999917233e-05,
                                                    "children": {
                                                        "_process_vector_observation": {
                                                            "total": 0.00020990000000065123,
                                                            "count": 6,
                                                            "is_parallel": true,
                                                            "self": 0.00020990000000065123
                                                        }
                                                    }
                                                },
                                                "UnityEnvironment.step": {
                                                    "total": 103.30898090000271,
                                                    "count": 39048,
                                                    "is_parallel": true,
                                                    "self": 2.520018800001978,
                                                    "children": {
                                                        "UnityEnvironment._generate_step_input": {
                                                            "total": 1.771822500001285,
                                                            "count": 39048,
                                                            "is_parallel": true,
                                                            "self": 1.771822500001285
                                                        },
                                                        "communicator.exchange": {
                                                            "total": 90.88619240000163,
                                                            "count": 39048,
                                                            "is_parallel": true,
                                                            "self": 90.88619240000163
                                                        },
                                                        "steps_from_proto": {
                                                            "total": 8.130947199997818,
                                                            "count": 39048,
                                                            "is_parallel": true,
                                                            "self": 2.4417353000010324,
                                                            "children": {
                                                                "_process_vector_observation": {
                                                                    "total": 5.689211899996786,
                                                                    "count": 234288,
                                                                    "is_parallel": true,
                                                                    "self": 5.689211899996786
                                                                }
                                                            }
                                                        }
                                                    }
                                                }
                                            }
                                        }
                                    }
                                }
                            }
                        }
                    }
                },
                "trainer_threads": {
                    "total": 1.770000000078653e-05,
                    "count": 1,
                    "self": 1.770000000078653e-05,
                    "children": {
                        "thread_root": {
                            "total": 0.0,
                            "count": 0,
                            "is_parallel": true,
                            "self": 0.0,
                            "children": {
                                "trainer_advance": {
                                    "total": 152.78034270000103,