{
    "name": "root",
    "gauges": {
        "StandardConfig.Policy.Entropy.mean": {
            "value": 1.4433629512786865,
            "min": 1.4196515083312988,
            "max": 1.4433629512786865,
            "count": 13
        },
        "StandardConfig.Policy.ExtrinsicValueEstimate.mean": {
            "value": -0.4342668652534485,
            "min": -0.5180159211158752,
            "max": 6.69993257522583,
            "count": 13
        },
        "StandardConfig.Policy.CuriosityValueEstimate.mean": {
            "value": 17.299888610839844,
            "min": -7.61041259765625,
            "max": 73.05426788330078,
            "count": 13
        },
        "StandardConfig.Losses.PolicyLoss.mean": {
            "value": 0.0038420779067867747,
            "min": 0.002322933136019856,
            "max": 0.01557182796144237,
            "count": 13
        },
        "StandardConfig.Losses.ValueLoss.mean": {
            "value": 0.7310570627450943,
            "min": 0.7310570627450943,
            "max": 97.25664178530374,
            "count": 13
        },
        "StandardConfig.Policy.LearningRate.mean": {
            "value": 0.000299250201249933,
            "min": 0.000299250201249933,
            "max": 0.00029996544001151997,
            "count": 13
        },
        "StandardConfig.Policy.Epsilon.mean": {
            "value": 0.199750067,
            "min": 0.199750067,
            "max": 0.19998848,
            "count": 13
        },
        "StandardConfig.Policy.Beta.mean": {
            "value": 0.0997500919933,
            "min": 0.0997500919933,
            "max": 0.099988481152,
            "count": 13
        },
        "StandardConfig.Losses.CuriosityForwardLoss.mean": {
            "value": 7.256022175153097,
            "min": 6.658781798680623,
            "max": 17266.241536458336,
            "count": 13
        },
        "StandardConfig.Losses.CuriosityInverseLoss.mean": {
            "value": 4.44576640923818,
            "min": 4.329174796740214,
            "max": 70.23237800598145,
            "count": 13
        },
        "StandardConfig.IsTraining.mean": {
            "value": 1.0,
            "min": 1.0,
            "max": 1.0,
            "count": 13
        },
        "StandardConfig.Environment.EpisodeLength.mean": {
            "value": 1127.2857142857142,
            "min": 941.0,
            "max": 3000.0,
            "count": 12
        },
        "StandardConfig.Environment.CumulativeReward.mean": {
            "value": -5.075563956584249,
            "min": -8.104994595050812,
            "max": -4.837478626858104,
            "count": 12
        },
        "StandardConfig.Policy.ExtrinsicReward.mean": {
            "value": -5.075563956584249,
            "min": -8.104994595050812,
            "max": -4.837478626858104,
            "count": 12
        },
        "StandardConfig.Policy.CuriosityReward.mean": {
            "value": 193.24613857801472,
            "min": 193.24613857801472,
            "max": 2793.091777086258,
            "count": 12
        }
    },
    "metadata": {
        "timer_format_version": "0.1.0",
        "start_time_seconds": "1611678530",
        "python_version": "3.7.9 (default, Aug 31 2020, 17:10:11) [MSC v.1916 64 bit (AMD64)]",
        "command_line_arguments": "C:\\Users\\PC\\anaconda3\\envs\\mlagents\\Scripts\\mlagents-learn config/comodo.yaml --run-id=PleaseFINALFINAL10",
        "mlagents_version": "0.23.0",
        "mlagents_envs_version": "0.23.0",
        "communication_protocol_version": "1.3.0",
        "pytorch_version": "1.7.0+cu110",
        "numpy_version": "1.18.5",
        "end_time_seconds": "1611678875"
    },
    "total": 345.0042611,
    "count": 1,
    "self": 0.004568600000027345,
    "children": {
        "run_training.setup": {
            "total": 0.006082499999999991,
            "count": 1,
            "self": 0.006082499999999991
        },
        "TrainerController.start_learning": {
            "total": 344.99361,
            "count": 1,
            "self": 0.4351624999993646,
            "children": {
                "TrainerController._reset_env": {
                    "total": 11.1869726,
                    "count": 1,
                    "self": 11.1869726
                },
                "TrainerController.advance": {
                    "total": 333.28473890000055,
                    "count": 23417,
                    "self": 0.21905620000029558,
                    "children": {
                        "env_step": {
                            "total": 333.06568270000025,
                            "count": 23417,
                            "self": 308.73234449999717,
                            "children": {
                                "SubprocessEnvManager._take_step": {
                                    "total": 24.076223600001455,
                                    "count": 23417,
                                    "self": 1.0348699000002384,
                                    "children": {
                                        "TorchPolicy.evaluate": {
                                            "total": 23.041353700001217,
                                            "count": 23361,
                                            "self": 5.551211199998875,
                                            "children": {
                                                "TorchPolicy.sample_actions": {
                                                    "total": 17.490142500002342,
                                                    "count": 23361,
                                                    "self": 17.490142500002342
                                                }
                                            }
                                        }
                                    }
                                },
                                "workers": {
                                    "total": 0.2571146000016089,
                                    "count": 23416,
                                    "self": 0.0,
                                    "children": {
                                        "worker_root": {
                                            "total": 333.21200200000163,
                                            "count": 23416,
                                            "is_parallel": true,
                                            "self": 52.583690600002626,
                                            "children": {
                                                "steps_from_proto": {
                                                    "total": 0.0008522000000006358,
                                                    "count": 1,
                                                    "is_parallel": true,
                                                    "self": 0.0001171000000024236,
                                                    "children": {
                                                        "_process_vector_observation": {
                                                            "total": 0.0007350999999982122,
                                                            "count": 10,
                                                            "is_parallel": true,
                                                            "self": 0.0007350999999982122
                                                        }
                                                    }
                                                },
                                                "UnityEnvironment.step": {
                                                    "total": 280.627459199999,
                                                    "count": 23416,
                                                    "is_parallel": true,
                                                    "self": 3.896033599996315,