{
    "name": "root",
    "gauges": {
        "StandardConfig.Policy.Entropy.mean": {
            "value": 1.4928730726242065,
            "min": 1.4196850061416626,
            "max": 1.4928730726242065,
            "count": 48
        },
        "StandardConfig.Policy.ExtrinsicValueEstimate.mean": {
            "value": 0.01360322255641222,
            "min": -0.308307409286499,
            "max": 0.09113691002130508,
            "count": 48
        },
        "StandardConfig.Policy.CuriosityValueEstimate.mean": {
            "value": 0.1090669184923172,
            "min": 0.06684219092130661,
            "max": 0.6863245368003845,
            "count": 48
        },
        "StandardConfig.Losses.PolicyLoss.mean": {
            "value": 0.0039843443713228534,
            "min": 0.0015226034563966095,
            "max": 0.007878634904045612,
            "count": 48
        },
        "StandardConfig.Losses.ValueLoss.mean": {
            "value": 0.0017776888513859983,
            "min": 0.0001997440228781973,
            "max": 0.022305677741921198,
            "count": 48
        },
        "StandardConfig.Policy.LearningRate.mean": {
            "value": 0.00029714886995037694,
            "min": 0.00029714886995037694,
            "max": 0.0002999662965112345,
            "count": 48
        },
        "StandardConfig.Policy.Epsilon.mean": {
            "value": 0.19904962300000004,
            "min": 0.19904962300000004,
            "max": 0.1999887655,
            "count": 48
        },
        "StandardConfig.Policy.Beta.mean": {
            "value": 0.0990497180377,
            "min": 0.0990497180377,
            "max": 0.09998876662345,
            "count": 48
        },
        "StandardConfig.Losses.CuriosityForwardLoss.mean": {
            "value": 0.05576005484908819,
            "min": 0.0353886354714632,
            "max": 0.8937707593043646,
            "count": 48
        },
        "StandardConfig.Losses.CuriosityInverseLoss.mean": {
            "value": 5.436256965001425,
            "min": 3.9904173811276755,
            "max": 5.436256965001425,
            "count": 48
        },
        "StandardConfig.Environment.EpisodeLength.mean": {
            "value": 4414.4,
            "min": 231.71428571428572,
            "max": 7319.2,
            "count": 41
        },
        "StandardConfig.Environment.CumulativeReward.mean": {
            "value": -0.1991478516254574,
            "min": -3.5587785886600614,
            "max": -0.03178084447669486,
            "count": 41
        },
        "StandardConfig.Policy.ExtrinsicReward.mean": {
            "value": -0.1991478516254574,
            "min": -3.5587785886600614,
            "max": -0.03178084447669486,
            "count": 41
        },
        "StandardConfig.Policy.CuriosityReward.mean": {
            "value": 5.048017957061529,
            "min": 0.419002469512634,
            "max": 24.730398580431938,
            "count": 41
        },
        "StandardConfig.IsTraining.mean": {
            "value": 1.0,
            "min": 1.0,
            "max": 1.0,
            "count": 48
        }
    },
    "metadata": {
        "timer_format_version": "0.1.0",
        "start_time_seconds": "1611698870",
        "python_version": "3.7.9 (default, Aug 31 2020, 17:10:11) [MSC v.1916 64 bit (AMD64)]",
        "command_line_arguments": "C:\\Users\\PC\\anaconda3\\envs\\mlagents\\Scripts\\mlagents-learn config/comodo.yaml --run-id=NonCeLaFaccioPiu24",
        "mlagents_version": "0.23.0",
        "mlagents_envs_version": "0.23.0",
        "communication_protocol_version": "1.3.0",
        "pytorch_version": "1.7.0+cu110",
        "numpy_version": "1.18.5",
        "end_time_seconds": "1611700407"
    },
    "total": 1537.3438337,
    "count": 1,
    "self": 0.00506889999996929,
    "children": {
        "run_training.setup": {
            "total": 0.006608699999999912,
            "count": 1,
            "self": 0.006608699999999912
        },
        "TrainerController.start_learning": {
            "total": 1537.3321561,
            "count": 1,
            "self": 1.4876164999955108,
            "children": {
                "TrainerController._reset_env": {
                    "total": 3.5773726,
                    "count": 1,
                    "self": 3.5773726
                },
                "TrainerController.advance": {
                    "total": 1532.1963153000047,
                    "count": 80629,
                    "self": 0.7760922000193204,
                    "children": {
                        "env_step": {
                            "total": 1531.4202230999854,
                            "count": 80629,
                            "self": 1451.8598913999485,
                            "children": {
                                "SubprocessEnvManager._take_step": {
                                    "total": 78.68481420001848,
                                    "count": 80629,
                                    "self": 3.6683639000423796,
                                    "children": {
                                        "TorchPolicy.evaluate": {
                                            "total": 75.0164502999761,
                                            "count": 80484,
                                            "self": 18.669589799943978,
                                            "children": {
                                                "TorchPolicy.sample_actions": {
                                                    "total": 56.34686050003212,
                                                    "count": 80484,
                                                    "self": 56.34686050003212
                                                }
                                            }
                                        }
                                    }
                                },
                                "workers": {
                                    "total": 0.8755175000184492,
                                    "count": 80628,
                                    "self": 0.0,
                                    "children": {
                                        "worker_root": {
                                            "total": 1531.9470783999743,
                                            "count": 80628,
                                            "is_parallel": true,
                                            "self": 173.07608739998113,
                                            "children": {
                                                "steps_from_proto": {
                                                    "total": 0.0007109999999999062,
                                                    "count": 1,
                                                    "is_parallel": true,
                                                    "self": 0.00015639999999939036,
                                                    "children": {
                                                        "_process_vector_observation": {
                                                            "total": 0.0005546000000005158,
                                                            "count": 6,
                                                            "is_parallel": true,
                                                            "self": 0.0005546000000005158
                                                        }
                                                    }
                                                },
                                                "UnityEnvironment.step": {
                                                    "total": 1358.8702799999933,
                                                    "count": 80628,
                                                    "is_parallel": true,
                                                    "self": 11.425696899993,