{
    "name": "root",
    "gauges": {
        "StandardConfig.Policy.Entropy.mean": {
            "value": 1.4189382791519165,
            "min": 1.4189382791519165,
            "max": 1.418938398361206,
            "count": 4
        },
        "StandardConfig.Policy.ExtrinsicValueEstimate.mean": {
            "value": 83.4297103881836,
            "min": 83.4297103881836,
            "max": 86.62220001220703,
            "count": 4
        },
        "StandardConfig.Policy.CuriosityValueEstimate.mean": {
            "value": 38.60334777832031,
            "min": 38.60334777832031,
            "max": 40.44852828979492,
            "count": 4
        },
        "StandardConfig.IsTraining.mean": {
            "value": 1.0,
            "min": 1.0,
            "max": 1.0,
            "count": 4
        },
        "StandardConfig.Environment.EpisodeLength.mean": {
            "value": 3332.0,
            "min": 3332.0,
            "max": 3371.25,
            "count": 3
        },
        "StandardConfig.Environment.CumulativeReward.mean": {
            "value": -1.0333267352543771,
            "min": -1.0333267352543771,
            "max": -0.8337142244563438,
            "count": 3
        },
        "StandardConfig.Policy.ExtrinsicReward.mean": {
            "value": -1.0333267352543771,
            "min": -1.0333267352543771,
            "max": -0.8337142244563438,
            "count": 3
        },
        "StandardConfig.Policy.CuriosityReward.mean": {
            "value": 0.0,
            "min": 0.0,
            "max": 0.0,
            "count": 3
        }
    },
    "metadata": {
        "timer_format_version": "0.1.0",
        "start_time_seconds": "1611739799",
        "python_version": "3.7.9 (default, Aug 31 2020, 17:10:11) [MSC v.1916 64 bit (AMD64)]",
        "command_line_arguments": "C:\\Users\\PC\\anaconda3\\envs\\mlagents\\Scripts\\mlagents-learn config/comodo.yaml --run-id=DAIII",
        "mlagents_version": "0.23.0",
        "mlagents_envs_version": "0.23.0",
        "communication_protocol_version": "1.3.0",
        "pytorch_version": "1.7.0+cu110",
        "numpy_version": "1.18.5",
        "end_time_seconds": "1611739970"
    },
    "total": 170.9667254,
    "count": 1,
    "self": 0.007017700000005789,
    "children": {
        "run_training.setup": {
            "total": 0.009273599999999993,
            "count": 1,
            "self": 0.009273599999999993
        },
        "TrainerController.start_learning": {
            "total": 170.9504341,
            "count": 1,
            "self": 0.17586049999857778,
            "children": {
                "TrainerController._reset_env": {
                    "total": 41.2600754,
                    "count": 1,
                    "self": 41.2600754
                },
                "TrainerController.advance": {
                    "total": 129.3571802000014,
                    "count": 10517,
                    "self": 0.08858040000080791,
                    "children": {
                        "env_step": {
                            "total": 129.2685998000006,
                            "count": 10517,
                            "self": 118.53708070000067,
                            "children": {
                                "SubprocessEnvManager._take_step": {
                                    "total": 10.6315234999999,
                                    "count": 10517,
                                    "self": 0.41696360000142363,
                                    "children": {
                                        "TorchPolicy.evaluate": {
                                            "total": 10.214559899998477,
                                            "count": 10512,
                                            "self": 1.431782699998891,
                                            "children": {
                                                "TorchPolicy.sample_actions": {
                                                    "total": 8.782777199999586,
                                                    "count": 10512,
                                                    "self": 8.782777199999586
                                                }
                                            }
                                        }
                                    }
                                },
                                "workers": {
                                    "total": 0.09999560000003527,
                                    "count": 10516,
                                    "self": 0.0,
                                    "children": {
                                        "worker_root": {
                                            "total": 129.36810719999906,
                                            "count": 10516,
                                            "is_parallel": true,
                                            "self": 19.164926499998643,
                                            "children": {
                                                "steps_from_proto": {
                                                    "total": 0.0030046000000041317,
                                                    "count": 1,
                                                    "is_parallel": true,
                                                    "self": 0.00010400000000032605,
                                                    "children": {
                                                        "_process_vector_observation": {
                                                            "total": 0.0029006000000038057,
                                                            "count": 6,
                                                            "is_parallel": true,
                                                            "self": 0.0029006000000038057
                                                        }
                                                    }
                                                },
                                                "UnityEnvironment.step": {
                                                    "total": 110.20017610000042,
                                                    "count": 10516,
                                                    "is_parallel": true,
                                                    "self": 1.0784112000005308,
                                                    "children": {
                                                        "UnityEnvironment._generate_step_input": {
                                                            "total": 0.8469195000002827,
                                                            "count": 10516,
                                                            "is_parallel": true,
                                                            "self": 0.8469195000002827
                                                        },
                                                        "communicator.exchange": {
                                                            "total": 103.97324359999959,
                                                            "count": 10516,
                                                            "is_parallel": true,
                                                            "self": 103.97324359999959
                                                        },
                                                        "steps_from_proto": {
                                                            "total": 4.3016018000000145,
                                                            "count": 10516,
                                                            "is_parallel": true,
                                                            "self": 0.701644200000537,