{
    "name": "root",
    "gauges": {
        "StandardConfig.Policy.Entropy.mean": {
            "value": 1.4314298629760742,
            "min": 1.4192323684692383,
            "max": 1.4314298629760742,
            "count": 10
        },
        "StandardConfig.Policy.ExtrinsicValueEstimate.mean": {
            "value": -0.04435960203409195,
            "min": -0.12013685703277588,
            "max": -0.006734457332640886,
            "count": 10
        },
        "StandardConfig.Policy.CuriosityValueEstimate.mean": {
            "value": 0.1425575166940689,
            "min": 0.03854069858789444,
            "max": 0.434160441160202,
            "count": 10
        },
        "StandardConfig.Losses.PolicyLoss.mean": {
            "value": 0.0024025694777568183,
            "min": 0.0024025694777568183,
            "max": 0.01701485268616428,
            "count": 10
        },
        "StandardConfig.Losses.ValueLoss.mean": {
            "value": 0.019904551406701405,
            "min": 0.00016123369520452494,
            "max": 0.019904551406701405,
            "count": 10
        },
        "StandardConfig.Policy.LearningRate.mean": {
            "value": 0.00029943183168938946,
            "min": 0.00029943183168938946,
            "max": 0.00029996313601228795,
            "count": 10
        },
        "StandardConfig.Policy.Epsilon.mean": {
            "value": 0.1998106105,
            "min": 0.1998106105,
            "max": 0.199987712,
            "count": 10
        },
        "StandardConfig.Policy.Beta.mean": {
            "value": 0.09981062943895,
            "min": 0.09981062943895,
            "max": 0.09998771322880001,
            "count": 10
        },
        "StandardConfig.Losses.CuriosityForwardLoss.mean": {
            "value": 0.06402312250186999,
            "min": 0.05616999293367068,
            "max": 0.8297227174043655,
            "count": 10
        },
        "StandardConfig.Losses.CuriosityInverseLoss.mean": {
            "value": 4.217546860376994,
            "min": 3.995939056078593,
            "max": 4.217546860376994,
            "count": 10
        },
        "StandardConfig.IsTraining.mean": {
            "value": 1.0,
            "min": 1.0,
            "max": 1.0,
            "count": 10
        },
        "StandardConfig.Environment.EpisodeLength.mean": {
            "value": 4135.666666666667,
            "min": 2500.0,
            "max": 4135.666666666667,
            "count": 5
        },
        "StandardConfig.Environment.CumulativeReward.mean": {
            "value": -2.7355996437060335,
            "min": -4.455642365617678,
            "max": -2.102983537595719,
            "count": 5
        },
        "StandardConfig.Policy.ExtrinsicReward.mean": {
            "value": -2.7355996437060335,
            "min": -4.455642365617678,
            "max": -2.102983537595719,
            "count": 5
        },
        "StandardConfig.Policy.CuriosityReward.mean": {
            "value": 9.442072668630216,
            "min": 4.8398618921637535,
            "max": 15.014569032937288,
            "count": 5
        }
    },
    "metadata": {
        "timer_format_version": "0.1.0",
        "start_time_seconds": "1611692378",
        "python_version": "3.7.9 (default, Aug 31 2020, 17:10:11) [MSC v.1916 64 bit (AMD64)]",
        "command_line_arguments": "C:\\Users\\PC\\anaconda3\\envs\\mlagents\\Scripts\\mlagents-learn config/comodo.yaml --run-id=NonCeLaFaccioPiu6",
        "mlagents_version": "0.23.0",
        "mlagents_envs_version": "0.23.0",
        "communication_protocol_version": "1.3.0",
        "pytorch_version": "1.7.0+cu110",
        "numpy_version": "1.18.5",
        "end_time_seconds": "1611692540"
    },
    "total": 162.17639419999998,
    "count": 1,
    "self": 0.003959099999974569,
    "children": {
        "run_training.setup": {
            "total": 0.006100699999999959,
            "count": 1,
            "self": 0.006100699999999959
        },
        "TrainerController.start_learning": {
            "total": 162.1663344,
            "count": 1,
            "self": 0.12950250000002939,
            "children": {
                "TrainerController._reset_env": {
                    "total": 4.6274947,
                    "count": 1,
                    "self": 4.6274947
                },
                "TrainerController.advance": {
                    "total": 157.32587589999997,
                    "count": 6693,
                    "self": 0.06506529999958843,
                    "children": {
                        "env_step": {
                            "total": 157.26081060000038,
                            "count": 6693,
                            "self": 147.66433209999946,
                            "children": {
                                "SubprocessEnvManager._take_step": {
                                    "total": 9.524273700000347,
                                    "count": 6693,
                                    "self": 0.3446600000001965,
                                    "children": {
                                        "TorchPolicy.evaluate": {
                                            "total": 9.17961370000015,
                                            "count": 6681,
                                            "self": 1.9656453000007446,
                                            "children": {
                                                "TorchPolicy.sample_actions": {
                                                    "total": 7.2139683999994055,
                                                    "count": 6681,
                                                    "self": 7.2139683999994055
                                                }
                                            }
                                        }
                                    }
                                },
                                "workers": {
                                    "total": 0.07220480000059037,
                                    "count": 6692,
                                    "self": 0.0,
                                    "children": {
                                        "worker_root": {
                                            "total": 157.31409959999974,
                                            "count": 6692,
                                            "is_parallel": true,
                                            "self": 21.11983229999973,
                                            "children": {
                                                "steps_from_proto": {
                                                    "total": 0.0006528999999995122,
                                                    "count": 1,
                                                    "is_parallel": true,
                                                    "self": 7.469999999898391e-05,
                                                    "children": {
                                                        "_process_vector_observation": {
                                                            "total": 0.0005782000000005283,
                                                            "count": 4,
                                                            "is_parallel": true,
                                                            "self": 0.0005782000000005283
                                                        }
                                                    }
                                                },
                                                "UnityEnvironment.step": {
                                                    "total": 136.1936144,
                                                    "count": 6692,
                                                    "is_parallel": true,
                                                    "self": 1.1539489000001026,