{
    "name": "root",
    "gauges": {
        "StandardConfig.Policy.Entropy.mean": {
            "value": 1.2740318775177002,
            "min": 1.271573543548584,
            "max": 1.2755112648010254,
            "count": 10
        },
        "StandardConfig.Policy.ExtrinsicValueEstimate.mean": {
            "value": 68.48638153076172,
            "min": 67.92821502685547,
            "max": 69.88351440429688,
            "count": 10
        },
        "StandardConfig.Policy.CuriosityValueEstimate.mean": {
            "value": 118.89092254638672,
            "min": 118.32609558105469,
            "max": 121.19308471679688,
            "count": 10
        },
        "StandardConfig.Environment.EpisodeLength.mean": {
            "value": 2122.0,
            "min": 988.25,
            "max": 3539.6666666666665,
            "count": 10
        },
        "StandardConfig.Environment.CumulativeReward.mean": {
            "value": -6.2295617163181305,
            "min": -9.310404783114791,
            "max": -3.3723902218043804,
            "count": 10
        },
        "StandardConfig.Policy.ExtrinsicReward.mean": {
            "value": -6.2295617163181305,
            "min": -9.310404783114791,
            "max": -3.3723902218043804,
            "count": 10
        },
        "StandardConfig.Policy.CuriosityReward.mean": {
            "value": 0.0,
            "min": 0.0,
            "max": 0.0,
            "count": 10
        },
        "StandardConfig.IsTraining.mean": {
            "value": 1.0,
            "min": 1.0,
            "max": 1.0,
            "count": 10
        }
    },
    "metadata": {
        "timer_format_version": "0.1.0",
        "start_time_seconds": "1611744435",
        "python_version": "3.7.9 (default, Aug 31 2020, 17:10:11) [MSC v.1916 64 bit (AMD64)]",
        "command_line_arguments": "C:\\Users\\PC\\anaconda3\\envs\\mlagents\\Scripts\\mlagents-learn config/comodo.yaml --run-id=DAIII12",
        "mlagents_version": "0.23.0",
        "mlagents_envs_version": "0.23.0",
        "communication_protocol_version": "1.3.0",
        "pytorch_version": "1.7.0+cu110",
        "numpy_version": "1.18.5",
        "end_time_seconds": "1611744734"
    },
    "total": 299.5158604,
    "count": 1,
    "self": 0.004868400000020756,
    "children": {
        "run_training.setup": {
            "total": 0.0061749999999999305,
            "count": 1,
            "self": 0.0061749999999999305
        },
        "TrainerController.start_learning": {
            "total": 299.504817,
            "count": 1,
            "self": 0.23529870000072606,
            "children": {
                "TrainerController._reset_env": {
                    "total": 4.843816,
                    "count": 1,
                    "self": 4.843816
                },
                "TrainerController.advance": {
                    "total": 294.3423833999992,
                    "count": 13049,
                    "self": 0.1200588999968204,
                    "children": {
                        "env_step": {
                            "total": 294.2223245000024,
                            "count": 13049,
                            "self": 265.5848573000039,
                            "children": {
                                "SubprocessEnvManager._take_step": {
                                    "total": 28.50340019999856,
                                    "count": 13049,
                                    "self": 0.5113908999999239,
                                    "children": {
                                        "TorchPolicy.evaluate": {
                                            "total": 27.992009299998635,
                                            "count": 13017,
                                            "self": 3.836633899999015,
                                            "children": {
                                                "TorchPolicy.sample_actions": {
                                                    "total": 24.15537539999962,
                                                    "count": 13017,
                                                    "self": 24.15537539999962
                                                }
                                            }
                                        }
                                    }
                                },
                                "workers": {
                                    "total": 0.1340669999999875,
                                    "count": 13048,
                                    "self": 0.0,
                                    "children": {
                                        "worker_root": {
                                            "total": 294.30562680000025,
                                            "count": 13048,
                                            "is_parallel": true,
                                            "self": 41.638254300000796,
                                            "children": {
                                                "steps_from_proto": {
                                                    "total": 0.0008799999999995478,
                                                    "count": 1,
                                                    "is_parallel": true,
                                                    "self": 0.0001480999999987631,
                                                    "children": {
                                                        "_process_vector_observation": {
                                                            "total": 0.0007319000000007847,
                                                            "count": 6,
                                                            "is_parallel": true,
                                                            "self": 0.0007319000000007847
                                                        }
                                                    }
                                                },
                                                "UnityEnvironment.step": {
                                                    "total": 252.66649249999946,
                                                    "count": 13048,
                                                    "is_parallel": true,
                                                    "self": 2.1024149000026284,
                                                    "children": {
                                                        "UnityEnvironment._generate_step_input": {
                                                            "total": 1.7130805999997438,
                                                            "count": 13048,
                                                            "is_parallel": true,
                                                            "self": 1.7130805999997438
                                                        },
                                                        "communicator.exchange": {
                                                            "total": 238.58969439999845,
                                                            "count": 13048,
                                                            "is_parallel": true,
                                                            "self": 238.58969439999845
                                                        },
                                                        "steps_from_proto": {
                                                            "total": 10.261302599998634,
                                                            "count": 13048,
                                                            "is_parallel": true,
                                                            "self": 1.649189699991446,