{
    "name": "root",
    "gauges": {
        "StandardConfig.Policy.Entropy.mean": {
            "value": 1.5131049156188965,
            "min": 1.4191800355911255,
            "max": 1.5131049156188965,
            "count": 61
        },
        "StandardConfig.Policy.ExtrinsicValueEstimate.mean": {
            "value": -0.0050466652028262615,
            "min": -0.1866728663444519,
            "max": 0.10533548891544342,
            "count": 61
        },
        "StandardConfig.Policy.CuriosityValueEstimate.mean": {
            "value": 0.04567677155137062,
            "min": 0.024966001510620117,
            "max": 0.4099985659122467,
            "count": 61
        },
        "StandardConfig.Losses.PolicyLoss.mean": {
            "value": 0.003080082698337113,
            "min": 0.0028883372045432525,
            "max": 0.018938050682966907,
            "count": 61
        },
        "StandardConfig.Losses.ValueLoss.mean": {
            "value": 1.6330922107954393e-05,
            "min": 6.7193139026737e-06,
            "max": 0.021801875140226912,
            "count": 61
        },
        "StandardConfig.Policy.LearningRate.mean": {
            "value": 0.00029636944921018396,
            "min": 0.00029636944921018396,
            "max": 0.00029996313601228795,
            "count": 61
        },
        "StandardConfig.Policy.Epsilon.mean": {
            "value": 0.198789816,
            "min": 0.198789816,
            "max": 0.199987712,
            "count": 61
        },
        "StandardConfig.Policy.Beta.mean": {
            "value": 0.0987899370184,
            "min": 0.0987899370184,
            "max": 0.09998771322880001,
            "count": 61
        },
        "StandardConfig.Losses.CuriosityForwardLoss.mean": {
            "value": 0.022024215509494145,
            "min": 0.021503531932830812,
            "max": 0.9493067016204197,
            "count": 61
        },
        "StandardConfig.Losses.CuriosityInverseLoss.mean": {
            "value": 5.8590355316797895,
            "min": 3.979521334171295,
            "max": 5.870212459564209,
            "count": 61
        },
        "StandardConfig.IsTraining.mean": {
            "value": 1.0,
            "min": 1.0,
            "max": 1.0,
            "count": 61
        },
        "StandardConfig.Environment.EpisodeLength.mean": {
            "value": 5000.416666666667,
            "min": 5000.25,
            "max": 15166.1,
            "count": 6
        },
        "StandardConfig.Environment.CumulativeReward.mean": {
            "value": -2.0750086661428213,
            "min": -2.5299449540209027,
            "max": -2.075008526444435,
            "count": 6
        },
        "StandardConfig.Policy.ExtrinsicReward.mean": {
            "value": -2.0750086661428213,
            "min": -2.5299449540209027,
            "max": -2.075008526444435,
            "count": 6
        },
        "StandardConfig.Policy.CuriosityReward.mean": {
            "value": 2.956209429888986,
            "min": 2.956209429888986,
            "max": 30.201369297277946,
            "count": 6
        }
    },
    "metadata": {
        "timer_format_version": "0.1.0",
        "start_time_seconds": "1611689965",
        "python_version": "3.7.9 (default, Aug 31 2020, 17:10:11) [MSC v.1916 64 bit (AMD64)]",
        "command_line_arguments": "C:\\Users\\PC\\anaconda3\\envs\\mlagents\\Scripts\\mlagents-learn config/comodo.yaml --run-id=NonCeLaFaccioPiu4",
        "mlagents_version": "0.23.0",
        "mlagents_envs_version": "0.23.0",
        "communication_protocol_version": "1.3.0",
        "pytorch_version": "1.7.0+cu110",
        "numpy_version": "1.18.5",
        "end_time_seconds": "1611690888"
    },
    "total": 923.1678795,
    "count": 1,
    "self": 0.00463470000011057,
    "children": {
        "run_training.setup": {
            "total": 0.006129300000000004,
            "count": 1,
            "self": 0.006129300000000004
        },
        "TrainerController.start_learning": {
            "total": 923.1571154999999,
            "count": 1,
            "self": 1.175007700007427,
            "children": {
                "TrainerController._reset_env": {
                    "total": 4.1030336,
                    "count": 1,
                    "self": 4.1030336
                },
                "TrainerController.advance": {
                    "total": 917.8179935999925,
                    "count": 38266,
                    "self": 0.41051909999191594,
                    "children": {
                        "env_step": {
                            "total": 917.4074745000006,
                            "count": 38266,
                            "self": 852.7507572000119,
                            "children": {
                                "SubprocessEnvManager._take_step": {
                                    "total": 64.21068980000126,
                                    "count": 38266,
                                    "self": 2.086785199999703,
                                    "children": {
                                        "TorchPolicy.evaluate": {
                                            "total": 62.12390460000156,
                                            "count": 38231,
                                            "self": 12.45335960000326,
                                            "children": {
                                                "TorchPolicy.sample_actions": {
                                                    "total": 49.6705449999983,
                                                    "count": 38231,
                                                    "self": 49.6705449999983
                                                }
                                            }
                                        }
                                    }
                                },
                                "workers": {
                                    "total": 0.4460274999874896,
                                    "count": 38265,
                                    "self": 0.0,
                                    "children": {
                                        "worker_root": {
                                            "total": 917.7472503999908,
                                            "count": 38265,
                                            "is_parallel": true,
                                            "self": 134.57303689999708,
                                            "children": {
                                                "steps_from_proto": {
                                                    "total": 0.0007108000000002335,
                                                    "count": 1,
                                                    "is_parallel": true,
                                                    "self": 8.279999999949439e-05,
                                                    "children": {
                                                        "_process_vector_observation": {
                                                            "total": 0.0006280000000007391,
                                                            "count": 4,
                                                            "is_parallel": true,
                                                            "self": 0.0006280000000007391
                                                        }
                                                    }
                                                },
                                                "UnityEnvironment.step": {
                                                    "total": 783.1735026999937,
                                                    "count": 38265,
                                                    "is_parallel": true,
                                                    "self": 7.724074099981635,