{
    "name": "root",
    "gauges": {
        "StandardConfig.Policy.Entropy.mean": {
            "value": 1.4189382791519165,
            "min": 1.4189382791519165,
            "max": 1.4189382791519165,
            "count": 2
        },
        "StandardConfig.Policy.ExtrinsicValueEstimate.mean": {
            "value": -0.05926163122057915,
            "min": -0.05926163122057915,
            "max": -0.012685701251029968,
            "count": 2
        },
        "StandardConfig.Policy.CuriosityValueEstimate.mean": {
            "value": -0.025527041405439377,
            "min": -0.03802390769124031,
            "max": -0.025527041405439377,
            "count": 2
        },
        "StandardConfig.Environment.EpisodeLength.mean": {
            "value": 725.8333333333334,
            "min": 428.14285714285717,
            "max": 725.8333333333334,
            "count": 2
        },
        "StandardConfig.Environment.CumulativeReward.mean": {
            "value": -1.5128198036303122,
            "min": -1.5128198036303122,
            "max": -1.1953575467424733,
            "count": 2
        },
        "StandardConfig.Policy.ExtrinsicReward.mean": {
            "value": -1.5128198036303122,
            "min": -1.5128198036303122,
            "max": -1.1953575467424733,
            "count": 2
        },
        "StandardConfig.Policy.CuriosityReward.mean": {
            "value": 0.0,
            "min": 0.0,
            "max": 0.0,
            "count": 2
        },
        "StandardConfig.IsTraining.mean": {
            "value": 1.0,
            "min": 1.0,
            "max": 1.0,
            "count": 2
        }
    },
    "metadata": {
        "timer_format_version": "0.1.0",
        "start_time_seconds": "1611706523",
        "python_version": "3.7.9 (default, Aug 31 2020, 17:10:11) [MSC v.1916 64 bit (AMD64)]",
        "command_line_arguments": "C:\\Users\\PC\\anaconda3\\envs\\mlagents\\Scripts\\mlagents-learn config/comodo.yaml --run-id=NonCeLaFaccioPiu40",
        "mlagents_version": "0.23.0",
        "mlagents_envs_version": "0.23.0",
        "communication_protocol_version": "1.3.0",
        "pytorch_version": "1.7.0+cu110",
        "numpy_version": "1.18.5",
        "end_time_seconds": "1611706601"
    },
    "total": 78.0628579,
    "count": 1,
    "self": 0.0048116999999905374,
    "children": {
        "run_training.setup": {
            "total": 0.006289300000000053,
            "count": 1,
            "self": 0.006289300000000053
        },
        "TrainerController.start_learning": {
            "total": 78.0517569,
            "count": 1,
            "self": 0.12067170000001681,
            "children": {
                "TrainerController._reset_env": {
                    "total": 3.5131408,
                    "count": 1,
                    "self": 3.5131408
                },
                "TrainerController.advance": {
                    "total": 74.34064409999999,
                    "count": 6715,
                    "self": 0.061837899999815704,
                    "children": {
                        "env_step": {
                            "total": 74.27880620000018,
                            "count": 6715,
                            "self": 67.67514990000093,
                            "children": {
                                "SubprocessEnvManager._take_step": {
                                    "total": 6.536990499999514,
                                    "count": 6715,
                                    "self": 0.2800457999995185,
                                    "children": {
                                        "TorchPolicy.evaluate": {
                                            "total": 6.256944699999996,
                                            "count": 6684,
                                            "self": 1.019156600000124,
                                            "children": {
                                                "TorchPolicy.sample_actions": {
                                                    "total": 5.237788099999872,
                                                    "count": 6684,
                                                    "self": 5.237788099999872
                                                }
                                            }
                                        }
                                    }
                                },
                                "workers": {
                                    "total": 0.06666579999973532,
                                    "count": 6714,
                                    "self": 0.0,
                                    "children": {
                                        "worker_root": {
                                            "total": 74.31401520000007,
                                            "count": 6714,
                                            "is_parallel": true,
                                            "self": 11.927779499999879,
                                            "children": {
                                                "steps_from_proto": {
                                                    "total": 0.0004642000000001367,
                                                    "count": 1,
                                                    "is_parallel": true,
                                                    "self": 7.259999999975619e-05,
                                                    "children": {
                                                        "_process_vector_observation": {
                                                            "total": 0.00039160000000038053,
                                                            "count": 6,
                                                            "is_parallel": true,
                                                            "self": 0.00039160000000038053
                                                        }
                                                    }
                                                },
                                                "UnityEnvironment.step": {
                                                    "total": 62.38577150000019,
                                                    "count": 6714,
                                                    "is_parallel": true,
                                                    "self": 0.700591000000216,
                                                    "children": {
                                                        "UnityEnvironment._generate_step_input": {
                                                            "total": 0.559725699999845,
                                                            "count": 6714,
                                                            "is_parallel": true,
                                                            "self": 0.559725699999845
                                                        },
                                                        "communicator.exchange": {
                                                            "total": 58.32905770000032,
                                                            "count": 6714,
                                                            "is_parallel": true,
                                                            "self": 58.32905770000032
                                                        },
                                                        "steps_from_proto": {
                                                            "total": 2.796397099999807,
                                                            "count": 6714,
                                                            "is_parallel": true,
                                                            "self": 0.46158789999973937,