{
    "name": "root",
    "gauges": {
        "StandardConfig.Policy.Entropy.mean": {
            "value": 1.4573806524276733,
            "min": 1.4195548295974731,
            "max": 1.4573806524276733,
            "count": 22
        },
        "StandardConfig.Policy.ExtrinsicValueEstimate.mean": {
            "value": -0.12175111472606659,
            "min": -0.6336686015129089,
            "max": 0.005919112358242273,
            "count": 22
        },
        "StandardConfig.Policy.CuriosityValueEstimate.mean": {
            "value": 1.526329755783081,
            "min": 0.12315322458744049,
            "max": 2.079179286956787,
            "count": 22
        },
        "StandardConfig.Environment.EpisodeLength.mean": {
            "value": 3119.25,
            "min": 446.77777777777777,
            "max": 3119.25,
            "count": 22
        },
        "StandardConfig.Losses.PolicyLoss.mean": {
            "value": 0.003190472547430545,
            "min": 0.0016015307938990497,
            "max": 0.0045255395137549686,
            "count": 22
        },
        "StandardConfig.Losses.ValueLoss.mean": {
            "value": 0.015364133364831407,
            "min": 0.007748146230975786,
            "max": 0.3922733269937453,
            "count": 22
        },
        "StandardConfig.Policy.LearningRate.mean": {
            "value": 0.00029870997043001,
            "min": 0.00029870997043001,
            "max": 0.00029996737951087346,
            "count": 22
        },
        "StandardConfig.Policy.Epsilon.mean": {
            "value": 0.19956999000000003,
            "min": 0.19956999000000003,
            "max": 0.19998912650000003,
            "count": 22
        },
        "StandardConfig.Policy.Beta.mean": {
            "value": 0.09957003300100001,
            "min": 0.09957003300100001,
            "max": 0.09998912758735001,
            "count": 22
        },
        "StandardConfig.Losses.CuriosityForwardLoss.mean": {
            "value": 0.2405707227687041,
            "min": 0.18160156806310018,
            "max": 1.4541373749574025,
            "count": 22
        },
        "StandardConfig.Losses.CuriosityInverseLoss.mean": {
            "value": 4.031816780567169,
            "min": 3.495552102724711,
            "max": 4.6711927413940435,
            "count": 22
        },
        "StandardConfig.Environment.CumulativeReward.mean": {
            "value": -5.318695969879627,
            "min": -5.318695969879627,
            "max": -3.37800504360348,
            "count": 22
        },
        "StandardConfig.Policy.ExtrinsicReward.mean": {
            "value": -5.318695969879627,
            "min": -5.318695969879627,
            "max": -3.37800504360348,
            "count": 22
        },
        "StandardConfig.Policy.CuriosityReward.mean": {
            "value": 48.85746821388602,
            "min": 6.709310036152601,
            "max": 61.68158584833145,
            "count": 22
        },
        "StandardConfig.IsTraining.mean": {
            "value": 1.0,
            "min": 1.0,
            "max": 1.0,
            "count": 22
        }
    },
    "metadata": {
        "timer_format_version": "0.1.0",
        "start_time_seconds": "1611678903",
        "python_version": "3.7.9 (default, Aug 31 2020, 17:10:11) [MSC v.1916 64 bit (AMD64)]",
        "command_line_arguments": "C:\\Users\\PC\\anaconda3\\envs\\mlagents\\Scripts\\mlagents-learn config/comodo.yaml --run-id=PleaseFINALFINAL11",
        "mlagents_version": "0.23.0",
        "mlagents_envs_version": "0.23.0",
        "communication_protocol_version": "1.3.0",
        "pytorch_version": "1.7.0+cu110",
        "numpy_version": "1.18.5",
        "end_time_seconds": "1611679477"
    },
    "total": 574.1587877,
    "count": 1,
    "self": 0.004416599999899518,
    "children": {
        "run_training.setup": {
            "total": 0.005904800000000043,
            "count": 1,
            "self": 0.005904800000000043
        },
        "TrainerController.start_learning": {
            "total": 574.1484663,
            "count": 1,
            "self": 0.7463171999994529,
            "children": {
                "TrainerController._reset_env": {
                    "total": 3.5149474000000005,
                    "count": 1,
                    "self": 3.5149474000000005
                },
                "TrainerController.advance": {
                    "total": 569.8034182000006,
                    "count": 38322,
                    "self": 0.38406020000320495,
                    "children": {
                        "env_step": {
                            "total": 569.4193579999974,
                            "count": 38322,
                            "self": 526.1935360999862,
                            "children": {
                                "SubprocessEnvManager._take_step": {
                                    "total": 42.80869730000754,
                                    "count": 38322,
                                    "self": 1.7412597000126055,
                                    "children": {
                                        "TorchPolicy.evaluate": {
                                            "total": 41.06743759999493,
                                            "count": 38191,
                                            "self": 9.356752799995075,
                                            "children": {
                                                "TorchPolicy.sample_actions": {
                                                    "total": 31.710684799999857,
                                                    "count": 38191,
                                                    "self": 31.710684799999857
                                                }
                                            }
                                        }
                                    }
                                },
                                "workers": {
                                    "total": 0.41712460000359464,
                                    "count": 38321,
                                    "self": 0.0,
                                    "children": {
                                        "worker_root": {
                                            "total": 569.6583491999942,
                                            "count": 38321,
                                            "is_parallel": true,
                                            "self": 89.63967380000128,
                                            "children": {
                                                "steps_from_proto": {
                                                    "total": 0.0007421999999999151,
                                                    "count": 1,
                                                    "is_parallel": true,
                                                    "self": 9.65000000001659e-05,
                                                    "children": {
                                                        "_process_vector_observation": {
                                                            "total": 0.0006456999999997493,
                                                            "count": 10,
                                                            "is_parallel": true,
                                                            "self": 0.0006456999999997493
                                                        }
                                                    }
                                                },
                                                "UnityEnvironment.step": {
                                                    "total": 480.0179331999929,
                                                    "count": 38321,
                                                    "is_parallel": true,
                                                    "self": 6.6168438000029255,