{
    "name": "root",
    "gauges": {
        "StandardConfig.Policy.Entropy.mean": {
            "value": 1.574822187423706,
            "min": 1.574822187423706,
            "max": 2.285825252532959,
            "count": 22
        },
        "StandardConfig.Policy.ExtrinsicValueEstimate.mean": {
            "value": 0.42337465286254883,
            "min": -0.1083998903632164,
            "max": 0.655279278755188,
            "count": 22
        },
        "StandardConfig.Policy.CuriosityValueEstimate.mean": {
            "value": 0.8020583391189575,
            "min": -0.07372161746025085,
            "max": 0.9328380823135376,
            "count": 22
        },
        "StandardConfig.Losses.PolicyLoss.mean": {
            "value": 0.0681100375756311,
            "min": 0.06248851082808173,
            "max": 0.07722231257537394,
            "count": 22
        },
        "StandardConfig.Losses.ValueLoss.mean": {
            "value": 0.02766571559914155,
            "min": 0.008747681480827833,
            "max": 0.11017764173448086,
            "count": 22
        },
        "StandardConfig.Policy.LearningRate.mean": {
            "value": 0.0002987093179302275,
            "min": 0.0002987093179302275,
            "max": 0.00029996313601228795,
            "count": 22
        },
        "StandardConfig.Policy.Epsilon.mean": {
            "value": 0.19956977250000002,
            "min": 0.19956977250000002,
            "max": 0.19998771199999998,
            "count": 22
        },
        "StandardConfig.Policy.Beta.mean": {
            "value": 0.00995702027275,
            "min": 0.00995702027275,
            "max": 0.009998772428800002,
            "count": 22
        },
        "StandardConfig.Losses.CuriosityForwardLoss.mean": {
            "value": 0.36992129326487583,
            "min": 0.23382566991243875,
            "max": 1.4528179552095632,
            "count": 22
        },
        "StandardConfig.Losses.CuriosityInverseLoss.mean": {
            "value": 0.526573573394368,
            "min": 0.5237981730962501,
            "max": 2.040371711055438,
            "count": 22
        },
        "StandardConfig.IsTraining.mean": {
            "value": 1.0,
            "min": 1.0,
            "max": 1.0,
            "count": 22
        },
        "StandardConfig.Environment.EpisodeLength.mean": {
            "value": 1255.0,
            "min": 1122.75,
            "max": 2274.8571428571427,
            "count": 21
        },
        "StandardConfig.Environment.CumulativeReward.mean": {
            "value": 6.723762670531869,
            "min": -3.594301827251911,
            "max": 7.900359261780977,
            "count": 21
        },
        "StandardConfig.Policy.ExtrinsicReward.mean": {
            "value": 6.723762670531869,
            "min": -3.594301827251911,
            "max": 7.900359261780977,
            "count": 21
        },
        "StandardConfig.Policy.CuriosityReward.mean": {
            "value": 10.425382574554533,
            "min": 6.765712130814791,
            "max": 13.229053719176186,
            "count": 21
        }
    },
    "metadata": {
        "timer_format_version": "0.1.0",
        "start_time_seconds": "1611752551",
        "python_version": "3.7.9 (default, Aug 31 2020, 17:10:11) [MSC v.1916 64 bit (AMD64)]",
        "command_line_arguments": "C:\\Users\\PC\\anaconda3\\envs\\mlagents\\Scripts\\mlagents-learn config/comodo.yaml --run-id=DAII25",
        "mlagents_version": "0.23.0",
        "mlagents_envs_version": "0.23.0",
        "communication_protocol_version": "1.3.0",
        "pytorch_version": "1.7.0+cu110",
        "numpy_version": "1.18.5",
        "end_time_seconds": "1611753062"
    },
    "total": 510.74363450000004,
    "count": 1,
    "self": 0.00498170000008713,
    "children": {
        "run_training.setup": {
            "total": 0.0061795000000000044,
            "count": 1,
            "self": 0.0061795000000000044
        },
        "TrainerController.start_learning": {
            "total": 510.7324733,
            "count": 1,
            "self": 0.5746276000024295,
            "children": {
                "TrainerController._reset_env": {
                    "total": 3.7058865,
                    "count": 1,
                    "self": 3.7058865
                },
                "TrainerController.advance": {
                    "total": 506.3414366999975,
                    "count": 14020,
                    "self": 0.16419160000248212,
                    "children": {
                        "env_step": {
                            "total": 506.177245099995,
                            "count": 14020,
                            "self": 471.774459599998,
                            "children": {
                                "SubprocessEnvManager._take_step": {
                                    "total": 34.231661999996945,
                                    "count": 14020,
                                    "self": 0.7003941000005298,
                                    "children": {
                                        "TorchPolicy.evaluate": {
                                            "total": 33.531267899996415,
                                            "count": 13897,
                                            "self": 6.490885399995179,
                                            "children": {
                                                "TorchPolicy.sample_actions": {
                                                    "total": 27.040382500001236,
                                                    "count": 13897,
                                                    "self": 27.040382500001236
                                                }
                                            }
                                        }
                                    }
                                },
                                "workers": {
                                    "total": 0.1711235000000224,
                                    "count": 14019,
                                    "self": 0.0,
                                    "children": {
                                        "worker_root": {
                                            "total": 506.2956910999994,
                                            "count": 14019,
                                            "is_parallel": true,
                                            "self": 64.15363730000155,
                                            "children": {
                                                "steps_from_proto": {
                                                    "total": 0.0014488999999997532,
                                                    "count": 1,
                                                    "is_parallel": true,
                                                    "self": 0.00017349999999938248,
                                                    "children": {
                                                        "_process_vector_observation": {
                                                            "total": 0.0012754000000003707,
                                                            "count": 6,
                                                            "is_parallel": true,
                                                            "self": 0.0012754000000003707
                                                        }
                                                    }
                                                },
                                                "UnityEnvironment.step": {
                                                    "total": 442.1406048999978,
                                                    "count": 14019,
                                                    "is_parallel": true,
                                                    "self": 4.294978700003924,