{
    "name": "root",
    "gauges": {
        "StandardConfig.Policy.Entropy.mean": {
            "value": 1.4310489892959595,
            "min": 1.4195173978805542,
            "max": 1.4310489892959595,
            "count": 8
        },
        "StandardConfig.Policy.ExtrinsicValueEstimate.mean": {
            "value": -0.06107160449028015,
            "min": -0.11130312085151672,
            "max": 0.23561149835586548,
            "count": 8
        },
        "StandardConfig.Policy.CuriosityValueEstimate.mean": {
            "value": 0.35004013776779175,
            "min": 0.35004013776779175,
            "max": 1.50184965133667,
            "count": 8
        },
        "StandardConfig.Losses.PolicyLoss.mean": {
            "value": 0.004420184693299234,
            "min": 0.002903883355126406,
            "max": 0.005364085260468225,
            "count": 8
        },
        "StandardConfig.Losses.ValueLoss.mean": {
            "value": 0.004168070204711208,
            "min": 0.004168070204711208,
            "max": 0.037564395306011036,
            "count": 8
        },
        "StandardConfig.Policy.LearningRate.mean": {
            "value": 0.00029954746095084645,
            "min": 0.00029954746095084645,
            "max": 0.000299967702010766,
            "count": 8
        },
        "StandardConfig.Policy.Epsilon.mean": {
            "value": 0.1998491536,
            "min": 0.1998491536,
            "max": 0.199989234,
            "count": 8
        },
        "StandardConfig.Policy.Beta.mean": {
            "value": 0.09984916868464,
            "min": 0.09984916868464,
            "max": 0.0999892350766,
            "count": 8
        },
        "StandardConfig.Losses.CuriosityForwardLoss.mean": {
            "value": 0.14011362493038176,
            "min": 0.14011362493038176,
            "max": 1.3396080334981282,
            "count": 8
        },
        "StandardConfig.Losses.CuriosityInverseLoss.mean": {
            "value": 4.209875011444092,
            "min": 4.012599368890126,
            "max": 4.209875011444092,
            "count": 8
        },
        "StandardConfig.Environment.EpisodeLength.mean": {
            "value": 5609.0,
            "min": 4166.0,
            "max": 5911.0,
            "count": 8
        },
        "StandardConfig.Environment.CumulativeReward.mean": {
            "value": -3.093592397752218,
            "min": -6.25416737049818,
            "max": -2.6806037719361484,
            "count": 8
        },
        "StandardConfig.Policy.ExtrinsicReward.mean": {
            "value": -3.093592397752218,
            "min": -6.25416737049818,
            "max": -2.6806037719361484,
            "count": 8
        },
        "StandardConfig.Policy.CuriosityReward.mean": {
            "value": 17.333736561238766,
            "min": 17.333736561238766,
            "max": 81.99450993537903,
            "count": 8
        },
        "StandardConfig.IsTraining.mean": {
            "value": 1.0,
            "min": 1.0,
            "max": 1.0,
            "count": 8
        }
    },
    "metadata": {
        "timer_format_version": "0.1.0",
        "start_time_seconds": "1611694973",
        "python_version": "3.7.9 (default, Aug 31 2020, 17:10:11) [MSC v.1916 64 bit (AMD64)]",
        "command_line_arguments": "C:\\Users\\PC\\anaconda3\\envs\\mlagents\\Scripts\\mlagents-learn config/comodo.yaml --run-id=NonCeLaFaccioPiu16",
        "mlagents_version": "0.23.0",
        "mlagents_envs_version": "0.23.0",
        "communication_protocol_version": "1.3.0",
        "pytorch_version": "1.7.0+cu110",
        "numpy_version": "1.18.5",
        "end_time_seconds": "1611695261"
    },
    "total": 287.8608817,
    "count": 1,
    "self": 0.004212799999947947,
    "children": {
        "run_training.setup": {
            "total": 0.005639100000000008,
            "count": 1,
            "self": 0.005639100000000008
        },
        "TrainerController.start_learning": {
            "total": 287.85102980000005,
            "count": 1,
            "self": 1.3995550999965758,
            "children": {
                "TrainerController._reset_env": {
                    "total": 3.1610822,
                    "count": 1,
                    "self": 3.1610822
                },
                "TrainerController.advance": {
                    "total": 283.2164619000034,
                    "count": 87455,
                    "self": 0.7197672999997167,
                    "children": {
                        "env_step": {
                            "total": 282.4966946000037,
                            "count": 87455,
                            "self": 228.1729460999979,
                            "children": {
                                "SubprocessEnvManager._take_step": {
                                    "total": 53.51074929999905,
                                    "count": 87455,
                                    "self": 3.213133900002042,
                                    "children": {
                                        "TorchPolicy.evaluate": {
                                            "total": 50.29761539999701,
                                            "count": 87445,
                                            "self": 10.5135546999933,
                                            "children": {
                                                "TorchPolicy.sample_actions": {
                                                    "total": 39.78406070000371,
                                                    "count": 87445,
                                                    "self": 39.78406070000371
                                                }
                                            }
                                        }
                                    }
                                },
                                "workers": {
                                    "total": 0.8129992000067885,
                                    "count": 87454,
                                    "self": 0.0,
                                    "children": {
                                        "worker_root": {
                                            "total": 283.02123519999924,
                                            "count": 87454,
                                            "is_parallel": true,
                                            "self": 110.4500061000027,
                                            "children": {
                                                "steps_from_proto": {
                                                    "total": 0.0002746000000000137,
                                                    "count": 1,
                                                    "is_parallel": true,
                                                    "self": 6.420000000062487e-05,
                                                    "children": {
                                                        "_process_vector_observation": {
                                                            "total": 0.00021039999999938885,
                                                            "count": 4,
                                                            "is_parallel": true,
                                                            "self": 0.00021039999999938885
                                                        }
                                                    }
                                                },
                                                "UnityEnvironment.step": {
                                                    "total": 172.57095449999653,
                                                    "count": 87454,
                                                    "is_parallel": true,
                                                    "self": 5.160257199997488,