{
    "name": "root",
    "metadata": {
        "timer_format_version": "0.1.0",
        "start_time_seconds": "1611615644",
        "python_version": "3.7.9 (default, Aug 31 2020, 17:10:11) [MSC v.1916 64 bit (AMD64)]",
        "command_line_arguments": "C:\\Users\\PC\\anaconda3\\envs\\mlagents\\Scripts\\mlagents-learn config/comodo.yaml --run-id=test32",
        "mlagents_version": "0.23.0",
        "mlagents_envs_version": "0.23.0",
        "communication_protocol_version": "1.3.0",
        "pytorch_version": "1.7.0+cu110",
        "numpy_version": "1.18.5",
        "end_time_seconds": "1611615666"
    },
    "total": 22.276536399999998,
    "count": 1,
    "self": 0.004242900000001271,
    "children": {
        "run_training.setup": {
            "total": 0.006163100000000088,
            "count": 1,
            "self": 0.006163100000000088
        },
        "TrainerController.start_learning": {
            "total": 22.266130399999998,
            "count": 1,
            "self": 0.026976199999996453,
            "children": {
                "TrainerController._reset_env": {
                    "total": 5.5398814,
                    "count": 1,
                    "self": 5.5398814
                },
                "TrainerController.advance": {
                    "total": 16.634580500000006,
                    "count": 1344,
                    "self": 0.012875799999914506,
                    "children": {
                        "env_step": {
                            "total": 16.62170470000009,
                            "count": 1344,
                            "self": 14.889402900000047,
                            "children": {
                                "SubprocessEnvManager._take_step": {
                                    "total": 1.7185089000000566,
                                    "count": 1344,
                                    "self": 0.06349510000003988,
                                    "children": {
                                        "TorchPolicy.evaluate": {
                                            "total": 1.6550138000000167,
                                            "count": 1344,
                                            "self": 0.2877895000000663,
                                            "children": {
                                                "TorchPolicy.sample_actions": {
                                                    "total": 1.3672242999999504,
                                                    "count": 1344,
                                                    "self": 1.3672242999999504
                                                }
                                            }
                                        }
                                    }
                                },
                                "workers": {
                                    "total": 0.013792899999987007,
                                    "count": 1343,
                                    "self": 0.0,
                                    "children": {
                                        "worker_root": {
                                            "total": 16.62983200000001,
                                            "count": 1343,
                                            "is_parallel": true,
                                            "self": 3.322039700000005,
                                            "children": {
                                                "steps_from_proto": {
                                                    "total": 0.0009848999999997332,
                                                    "count": 1,
                                                    "is_parallel": true,
                                                    "self": 9.070000000033218e-05,
                                                    "children": {
                                                        "_process_vector_observation": {
                                                            "total": 0.000894199999999401,
                                                            "count": 10,
                                                            "is_parallel": true,
                                                            "self": 0.000894199999999401
                                                        }
                                                    }
                                                },
                                                "UnityEnvironment.step": {
                                                    "total": 13.306807400000007,
                                                    "count": 1343,
                                                    "is_parallel": true,
                                                    "self": 0.3066245999998891,
                                                    "children": {
                                                        "UnityEnvironment._generate_step_input": {
                                                            "total": 0.21462170000006875,
                                                            "count": 1343,
                                                            "is_parallel": true,
                                                            "self": 0.21462170000006875
                                                        },
                                                        "communicator.exchange": {
                                                            "total": 11.384225700000052,
                                                            "count": 1343,
                                                            "is_parallel": true,
                                                            "self": 11.384225700000052
                                                        },
                                                        "steps_from_proto": {
                                                            "total": 1.4013353999999962,
                                                            "count": 1343,
                                                            "is_parallel": true,
                                                            "self": 0.12804259999989398,
                                                            "children": {
                                                                "_process_vector_observation": {
                                                                    "total": 1.2732928000001023,
                                                                    "count": 13430,
                                                                    "is_parallel": true,
                                                                    "self": 1.2732928000001023
                                                                }
                                                            }
                                                        }
                                                    }
                                                }
                                            }
                                        }
                                    }
                                }
                            }
                        }
                    }
                },
                "trainer_threads": {
                    "total": 2.019999999802735e-05,
                    "count": 1,
                    "self": 2.019999999802735e-05,
                    "children": {
                        "thread_root": {
                            "total": 0.0,
                            "count": 0,
                            "is_parallel": true,
                            "self": 0.0,
                            "children": {
                                "trainer_advance": {
                                    "total": 16.604843099999965,