{
    "name": "root",
    "metadata": {
        "timer_format_version": "0.1.0",
        "start_time_seconds": "1611693601",
        "python_version": "3.7.9 (default, Aug 31 2020, 17:10:11) [MSC v.1916 64 bit (AMD64)]",
        "command_line_arguments": "C:\\Users\\PC\\anaconda3\\envs\\mlagents\\Scripts\\mlagents-learn config/comodo.yaml --run-id=NonCeLaFaccioPiu10",
        "mlagents_version": "0.23.0",
        "mlagents_envs_version": "0.23.0",
        "communication_protocol_version": "1.3.0",
        "pytorch_version": "1.7.0+cu110",
        "numpy_version": "1.18.5",
        "end_time_seconds": "1611693633"
    },
    "total": 31.9484768,
    "count": 1,
    "self": 0.004184400000003308,
    "children": {
        "run_training.setup": {
            "total": 0.05312970000000006,
            "count": 1,
            "self": 0.05312970000000006
        },
        "TrainerController.start_learning": {
            "total": 31.8911627,
            "count": 1,
            "self": 0.1210325000001724,
            "children": {
                "TrainerController._reset_env": {
                    "total": 4.7824385,
                    "count": 1,
                    "self": 4.7824385
                },
                "TrainerController.advance": {
                    "total": 26.901456899999825,
                    "count": 7889,
                    "self": 0.06327989999983075,
                    "children": {
                        "env_step": {
                            "total": 26.838176999999995,
                            "count": 7889,
                            "self": 22.254108800000033,
                            "children": {
                                "SubprocessEnvManager._take_step": {
                                    "total": 4.515322200000009,
                                    "count": 7889,
                                    "self": 0.27496859999989987,
                                    "children": {
                                        "TorchPolicy.evaluate": {
                                            "total": 4.240353600000109,
                                            "count": 7889,
                                            "self": 0.8732784000000624,
                                            "children": {
                                                "TorchPolicy.sample_actions": {
                                                    "total": 3.3670752000000466,
                                                    "count": 7889,
                                                    "self": 3.3670752000000466
                                                }
                                            }
                                        }
                                    }
                                },
                                "workers": {
                                    "total": 0.0687459999999529,
                                    "count": 7888,
                                    "self": 0.0,
                                    "children": {
                                        "worker_root": {
                                            "total": 26.891460700000003,
                                            "count": 7888,
                                            "is_parallel": true,
                                            "self": 9.271911700000054,
                                            "children": {
                                                "steps_from_proto": {
                                                    "total": 0.00024839999999937135,
                                                    "count": 1,
                                                    "is_parallel": true,
                                                    "self": 6.799999999973494e-05,
                                                    "children": {
                                                        "_process_vector_observation": {
                                                            "total": 0.0001803999999996364,
                                                            "count": 4,
                                                            "is_parallel": true,
                                                            "self": 0.0001803999999996364
                                                        }
                                                    }
                                                },
                                                "UnityEnvironment.step": {
                                                    "total": 17.61930059999995,
                                                    "count": 7888,
                                                    "is_parallel": true,
                                                    "self": 0.4261347000000981,
                                                    "children": {
                                                        "UnityEnvironment._generate_step_input": {
                                                            "total": 0.3206120999997797,
                                                            "count": 7888,
                                                            "is_parallel": true,
                                                            "self": 0.3206120999997797
                                                        },
                                                        "communicator.exchange": {
                                                            "total": 15.603284500000008,
                                                            "count": 7888,
                                                            "is_parallel": true,
                                                            "self": 15.603284500000008
                                                        },
                                                        "steps_from_proto": {
                                                            "total": 1.2692693000000626,
                                                            "count": 7888,
                                                            "is_parallel": true,
                                                            "self": 0.4048511999999276,
                                                            "children": {
                                                                "_process_vector_observation": {
                                                                    "total": 0.864418100000135,
                                                                    "count": 31552,
                                                                    "is_parallel": true,
                                                                    "self": 0.864418100000135
                                                                }
                                                            }
                                                        }
                                                    }
                                                }
                                            }
                                        }
                                    }
                                }
                            }
                        }
                    }
                },
                "trainer_threads": {
                    "total": 1.689999999854308e-05,
                    "count": 1,
                    "self": 1.689999999854308e-05,
                    "children": {
                        "thread_root": {
                            "total": 0.0,
                            "count": 0,
                            "is_parallel": true,
                            "self": 0.0,
                            "children": {
                                "trainer_advance": {
                                    "total": 26.917964799999947,