{
    "name": "root",
    "gauges": {
        "StandardConfig.Policy.Entropy.mean": {
            "value": 1.448616623878479,
            "min": 1.4197298288345337,
            "max": 1.448616623878479,
            "count": 17
        },
        "StandardConfig.Policy.ExtrinsicValueEstimate.mean": {
            "value": -0.16777995228767395,
            "min": -0.2338573932647705,
            "max": -0.07232078164815903,
            "count": 17
        },
        "StandardConfig.Policy.CuriosityValueEstimate.mean": {
            "value": 1.2290433645248413,
            "min": 0.2465842217206955,
            "max": 2.435917377471924,
            "count": 17
        },
        "StandardConfig.Environment.EpisodeLength.mean": {
            "value": 801.9090909090909,
            "min": 279.5833333333333,
            "max": 1822.142857142857,
            "count": 17
        },
        "StandardConfig.Environment.CumulativeReward.mean": {
            "value": -1.2798420918089422,
            "min": -2.062132239341736,
            "max": -0.9384787183635953,
            "count": 17
        },
        "StandardConfig.Policy.ExtrinsicReward.mean": {
            "value": -1.2798420918089422,
            "min": -2.062132239341736,
            "max": -0.9384787183635953,
            "count": 17
        },
        "StandardConfig.Policy.CuriosityReward.mean": {
            "value": 10.005928246812386,
            "min": 1.9894669482277498,
            "max": 21.653024727576657,
            "count": 17
        },
        "StandardConfig.Losses.PolicyLoss.mean": {
            "value": 0.005185540222252408,
            "min": 0.0017817424998308224,
            "max": 0.005185540222252408,
            "count": 17
        },
        "StandardConfig.Losses.ValueLoss.mean": {
            "value": 0.012730623440196116,
            "min": 0.0034513401333242655,
            "max": 0.21304105703408519,
            "count": 17
        },
        "StandardConfig.Policy.LearningRate.mean": {
            "value": 0.0002990104419298528,
            "min": 0.0002990104419298528,
            "max": 0.00029996773501075495,
            "count": 17
        },
        "StandardConfig.Policy.Epsilon.mean": {
            "value": 0.19967014720000004,
            "min": 0.19967014720000004,
            "max": 0.19998924499999998,
            "count": 17
        },
        "StandardConfig.Policy.Beta.mean": {
            "value": 0.09967018018528001,
            "min": 0.09967018018528001,
            "max": 0.09998924607550001,
            "count": 17
        },
        "StandardConfig.Losses.CuriosityForwardLoss.mean": {
            "value": 0.23501061101754508,
            "min": 0.15090461373329161,
            "max": 1.2003125697374342,
            "count": 17
        },
        "StandardConfig.Losses.CuriosityInverseLoss.mean": {
            "value": 4.4115027427673335,
            "min": 3.6099934577941895,
            "max": 4.411756483713786,
            "count": 17
        },
        "StandardConfig.IsTraining.mean": {
            "value": 1.0,
            "min": 1.0,
            "max": 1.0,
            "count": 17
        }
    },
    "metadata": {
        "timer_format_version": "0.1.0",
        "start_time_seconds": "1611670384",
        "python_version": "3.7.9 (default, Aug 31 2020, 17:10:11) [MSC v.1916 64 bit (AMD64)]",
        "command_line_arguments": "C:\\Users\\PC\\anaconda3\\envs\\mlagents\\Scripts\\mlagents-learn config/comodo.yaml --run-id=PleaseFINALFINAL",
        "mlagents_version": "0.23.0",
        "mlagents_envs_version": "0.23.0",
        "communication_protocol_version": "1.3.0",
        "pytorch_version": "1.7.0+cu110",
        "numpy_version": "1.18.5",
        "end_time_seconds": "1611670885"
    },
    "total": 500.76310889999996,
    "count": 1,
    "self": 0.004771599999969567,
    "children": {
        "run_training.setup": {
            "total": 0.006187700000000018,
            "count": 1,
            "self": 0.006187700000000018
        },
        "TrainerController.start_learning": {
            "total": 500.7521496,
            "count": 1,
            "self": 1.0241836999971383,
            "children": {
                "TrainerController._reset_env": {
                    "total": 3.9736431999999997,
                    "count": 1,
                    "self": 3.9736431999999997
                },
                "TrainerController.advance": {
                    "total": 495.6705785000029,
                    "count": 58282,
                    "self": 0.5400321999956077,
                    "children": {
                        "env_step": {
                            "total": 495.13054630000727,
                            "count": 58282,
                            "self": 447.5216037000013,
                            "children": {
                                "SubprocessEnvManager._take_step": {
                                    "total": 47.03204769999864,
                                    "count": 58282,
                                    "self": 2.321411300001614,
                                    "children": {
                                        "TorchPolicy.evaluate": {
                                            "total": 44.71063639999703,
                                            "count": 58104,
                                            "self": 9.729663399996696,
                                            "children": {
                                                "TorchPolicy.sample_actions": {
                                                    "total": 34.98097300000033,
                                                    "count": 58104,
                                                    "self": 34.98097300000033
                                                }
                                            }
                                        }
                                    }
                                },
                                "workers": {
                                    "total": 0.5768949000072965,
                                    "count": 58281,
                                    "self": 0.0,
                                    "children": {
                                        "worker_root": {
                                            "total": 495.4211370999937,
                                            "count": 58281,
                                            "is_parallel": true,
                                            "self": 100.43419149999158,
                                            "children": {
                                                "steps_from_proto": {
                                                    "total": 0.0005690000000000417,
                                                    "count": 1,
                                                    "is_parallel": true,
                                                    "self": 9.209999999981733e-05,
                                                    "children": {
                                                        "_process_vector_observation": {
                                                            "total": 0.00047690000000022437,
                                                            "count": 10,
                                                            "is_parallel": true,
                                                            "self": 0.00047690000000022437
                                                        }
                                                    }
                                                },
                                                "UnityEnvironment.step": {
                                                    "total": 394.98637660000213,
                                                    "count": 58281,
                                                    "is_parallel": true,