{
    "name": "root",
    "metadata": {
        "timer_format_version": "0.1.0",
        "start_time_seconds": "1611681847",
        "python_version": "3.7.9 (default, Aug 31 2020, 17:10:11) [MSC v.1916 64 bit (AMD64)]",
        "command_line_arguments": "C:\\Users\\PC\\anaconda3\\envs\\mlagents\\Scripts\\mlagents-learn config/comodo.yaml --run-id=PleaseFINALFINAL14",
        "mlagents_version": "0.23.0",
        "mlagents_envs_version": "0.23.0",
        "communication_protocol_version": "1.3.0",
        "pytorch_version": "1.7.0+cu110",
        "numpy_version": "1.18.5",
        "end_time_seconds": "1611681880"
    },
    "total": 32.867748999999996,
    "count": 1,
    "self": 0.003947099999997761,
    "children": {
        "run_training.setup": {
            "total": 0.006059900000000007,
            "count": 1,
            "self": 0.006059900000000007
        },
        "TrainerController.start_learning": {
            "total": 32.857742,
            "count": 1,
            "self": 0.20068070000006344,
            "children": {
                "TrainerController._reset_env": {
                    "total": 13.503516900000001,
                    "count": 1,
                    "self": 13.503516900000001
                },
                "TrainerController.advance": {
                    "total": 19.078849999999946,
                    "count": 4375,
                    "self": 0.036028300000022995,
                    "children": {
                        "env_step": {
                            "total": 19.042821699999923,
                            "count": 4375,
                            "self": 16.250175999999875,
                            "children": {
                                "SubprocessEnvManager._take_step": {
                                    "total": 2.753862200000075,
                                    "count": 4375,
                                    "self": 0.14894420000001496,
                                    "children": {
                                        "TorchPolicy.evaluate": {
                                            "total": 2.60491800000006,
                                            "count": 4374,
                                            "self": 0.4963170000000474,
                                            "children": {
                                                "TorchPolicy.sample_actions": {
                                                    "total": 2.1086010000000126,
                                                    "count": 4374,
                                                    "self": 2.1086010000000126
                                                }
                                            }
                                        }
                                    }
                                },
                                "workers": {
                                    "total": 0.03878349999997077,
                                    "count": 4374,
                                    "self": 0.0,
                                    "children": {
                                        "worker_root": {
                                            "total": 19.071412000000063,
                                            "count": 4374,
                                            "is_parallel": true,
                                            "self": 5.55937770000005,
                                            "children": {
                                                "steps_from_proto": {
                                                    "total": 0.000295200000000051,
                                                    "count": 1,
                                                    "is_parallel": true,
                                                    "self": 7.679999999865572e-05,
                                                    "children": {
                                                        "_process_vector_observation": {
                                                            "total": 0.00021840000000139526,
                                                            "count": 6,
                                                            "is_parallel": true,
                                                            "self": 0.00021840000000139526
                                                        }
                                                    }
                                                },
                                                "UnityEnvironment.step": {
                                                    "total": 13.511739100000012,
                                                    "count": 4374,
                                                    "is_parallel": true,
                                                    "self": 0.2553257000000393,
                                                    "children": {
                                                        "UnityEnvironment._generate_step_input": {
                                                            "total": 0.1827133999999706,
                                                            "count": 4374,
                                                            "is_parallel": true,
                                                            "self": 0.1827133999999706
                                                        },
                                                        "communicator.exchange": {
                                                            "total": 12.227494700000094,
                                                            "count": 4374,
                                                            "is_parallel": true,
                                                            "self": 12.227494700000094
                                                        },
                                                        "steps_from_proto": {
                                                            "total": 0.8462052999999088,
                                                            "count": 4374,
                                                            "is_parallel": true,
                                                            "self": 0.25751070000018395,
                                                            "children": {
                                                                "_process_vector_observation": {
                                                                    "total": 0.5886945999997248,
                                                                    "count": 26244,
                                                                    "is_parallel": true,
                                                                    "self": 0.5886945999997248
                                                                }
                                                            }
                                                        }
                                                    }
                                                }
                                            }
                                        }
                                    }
                                }
                            }
                        }
                    }
                },
                "trainer_threads": {
                    "total": 2.279999999643678e-05,
                    "count": 1,
                    "self": 2.279999999643678e-05,
                    "children": {
                        "thread_root": {
                            "total": 0.0,
                            "count": 0,
                            "is_parallel": true,
                            "self": 0.0,
                            "children": {
                                "trainer_advance": {
                                    "total": 19.204331499999917,