{
    "name": "root",
    "gauges": {
        "MyBehavior.Policy.Entropy.mean": {
            "value": 1.4168190956115723,
            "min": 1.4168190956115723,
            "max": 1.4168190956115723,
            "count": 1
        },
        "MyBehavior.Policy.ExtrinsicValueEstimate.mean": {
            "value": -0.35311299562454224,
            "min": -0.35311299562454224,
            "max": -0.35311299562454224,
            "count": 1
        },
        "MyBehavior.Environment.EpisodeLength.mean": {
            "value": 590.797619047619,
            "min": 590.797619047619,
            "max": 590.797619047619,
            "count": 1
        },
        "MyBehavior.Environment.CumulativeReward.mean": {
            "value": -1.5591831594273182,
            "min": -1.5591831594273182,
            "max": -1.5591831594273182,
            "count": 1
        },
        "MyBehavior.Policy.ExtrinsicReward.mean": {
            "value": -1.5591831594273182,
            "min": -1.5591831594273182,
            "max": -1.5591831594273182,
            "count": 1
        },
        "MyBehavior.Losses.PolicyLoss.mean": {
            "value": 0.023650858086087585,
            "min": 0.023650858086087585,
            "max": 0.023650858086087585,
            "count": 1
        },
        "MyBehavior.Losses.ValueLoss.mean": {
            "value": 0.007729074461773659,
            "min": 0.007729074461773659,
            "max": 0.007729074461773659,
            "count": 1
        },
        "MyBehavior.Policy.LearningRate.mean": {
            "value": 0.00028459395513535,
            "min": 0.00028459395513535,
            "max": 0.00028459395513535,
            "count": 1
        },
        "MyBehavior.Policy.Epsilon.mean": {
            "value": 0.19486465000000003,
            "min": 0.19486465000000003,
            "max": 0.19486465000000003,
            "count": 1
        },
        "MyBehavior.Policy.Beta.mean": {
            "value": 0.004743746035,
            "min": 0.004743746035,
            "max": 0.004743746035,
            "count": 1
        },
        "MyBehavior.IsTraining.mean": {
            "value": 1.0,
            "min": 1.0,
            "max": 1.0,
            "count": 1
        }
    },
    "metadata": {
        "timer_format_version": "0.1.0",
        "start_time_seconds": "1611612239",
        "python_version": "3.7.9 (default, Aug 31 2020, 17:10:11) [MSC v.1916 64 bit (AMD64)]",
        "command_line_arguments": "C:\\Users\\PC\\anaconda3\\envs\\mlagents\\Scripts\\mlagents-learn config/comodo.yaml --run-id=test23",
        "mlagents_version": "0.23.0",
        "mlagents_envs_version": "0.23.0",
        "communication_protocol_version": "1.3.0",
        "pytorch_version": "1.7.0+cu110",
        "numpy_version": "1.18.5",
        "end_time_seconds": "1611612609"
    },
    "total": 369.75541450000003,
    "count": 1,
    "self": 0.004258900000081667,
    "children": {
        "run_training.setup": {
            "total": 0.006105000000000027,
            "count": 1,
            "self": 0.006105000000000027
        },
        "TrainerController.start_learning": {
            "total": 369.74505059999996,
            "count": 1,
            "self": 1.4659878000032336,
            "children": {
                "TrainerController._reset_env": {
                    "total": 5.6048623,
                    "count": 1,
                    "self": 5.6048623
                },
                "TrainerController.advance": {
                    "total": 362.6138342999967,
                    "count": 87215,
                    "self": 0.8028854000019123,
                    "children": {
                        "env_step": {
                            "total": 361.8109488999948,
                            "count": 87215,
                            "self": 306.63460910000066,
                            "children": {
                                "SubprocessEnvManager._take_step": {
                                    "total": 54.33184569999386,
                                    "count": 87215,
                                    "self": 3.4559263999969616,
                                    "children": {
                                        "TorchPolicy.evaluate": {
                                            "total": 50.8759192999969,
                                            "count": 87131,
                                            "self": 11.321925599988887,
                                            "children": {
                                                "TorchPolicy.sample_actions": {
                                                    "total": 39.553993700008014,
                                                    "count": 87131,
                                                    "self": 39.553993700008014
                                                }
                                            }
                                        }
                                    }
                                },
                                "workers": {
                                    "total": 0.8444941000002828,
                                    "count": 87214,
                                    "self": 0.0,
                                    "children": {
                                        "worker_root": {
                                            "total": 362.3235339000082,
                                            "count": 87214,
                                            "is_parallel": true,
                                            "self": 112.8001525000025,
                                            "children": {
                                                "steps_from_proto": {
                                                    "total": 0.0003752999999999673,
                                                    "count": 1,
                                                    "is_parallel": true,
                                                    "self": 8.559999999846468e-05,
                                                    "children": {
                                                        "_process_vector_observation": {
                                                            "total": 0.00028970000000150264,
                                                            "count": 10,
                                                            "is_parallel": true,
                                                            "self": 0.00028970000000150264
                                                        }
                                                    }
                                                },
                                                "UnityEnvironment.step": {
                                                    "total": 249.52300610000572,
                                                    "count": 87214,
                                                    "is_parallel": true,
                                                    "self": 5.985639799996136,
                                                    "children": {
                                                        "UnityEnvironment._generate_step_input": {
                                                            "total": 3.9871762000090163,
                                                            "count": 87214,
                                                            "is_parallel": true,
                                                            "self": 3.9871762000090163
                                                        },
                                                        "communicator.exchange": {
                                                            "total": 214.94174100000077,
                                                            "count": 87214,
                                                            "is_parallel": true,