{
    "name": "root",
    "gauges": {
        "MyBehavior.Policy.Entropy.mean": {
            "value": 1.4015153646469116,
            "min": 1.4009629487991333,
            "max": 1.4176298379898071,
            "count": 8
        },
        "MyBehavior.Policy.ExtrinsicValueEstimate.mean": {
            "value": -0.0046080430038273335,
            "min": -0.008001847192645073,
            "max": 0.3218727111816406,
            "count": 8
        },
        "MyBehavior.Environment.EpisodeLength.mean": {
            "value": 4193.818181818182,
            "min": 923.219512195122,
            "max": 5000.4,
            "count": 8
        },
        "MyBehavior.Environment.CumulativeReward.mean": {
            "value": -0.585397687740624,
            "min": -2.358227537288754,
            "max": -0.585397687740624,
            "count": 8
        },
        "MyBehavior.Policy.ExtrinsicReward.mean": {
            "value": -0.585397687740624,
            "min": -2.358227537288754,
            "max": -0.585397687740624,
            "count": 8
        },
        "MyBehavior.Losses.PolicyLoss.mean": {
            "value": 0.02227957044669893,
            "min": 0.020362039538255584,
            "max": 0.024121473588359855,
            "count": 8
        },
        "MyBehavior.Losses.ValueLoss.mean": {
            "value": 0.001609932506592789,
            "min": 0.001495542466388239,
            "max": 0.013796369075619926,
            "count": 8
        },
        "MyBehavior.Policy.LearningRate.mean": {
            "value": 7.48692750436e-05,
            "min": 7.48692750436e-05,
            "max": 0.00028461180512939993,
            "count": 8
        },
        "MyBehavior.Policy.Epsilon.mean": {
            "value": 0.12495640000000001,
            "min": 0.12495640000000001,
            "max": 0.1948706,
            "count": 8
        },
        "MyBehavior.Policy.Beta.mean": {
            "value": 0.0012553243600000002,
            "min": 0.0012553243600000002,
            "max": 0.00474404294,
            "count": 8
        },
        "MyBehavior.IsTraining.mean": {
            "value": 1.0,
            "min": 1.0,
            "max": 1.0,
            "count": 8
        }
    },
    "metadata": {
        "timer_format_version": "0.1.0",
        "start_time_seconds": "1611619774",
        "python_version": "3.7.9 (default, Aug 31 2020, 17:10:11) [MSC v.1916 64 bit (AMD64)]",
        "command_line_arguments": "C:\\Users\\PC\\anaconda3\\envs\\mlagents\\Scripts\\mlagents-learn config/comodo.yaml --run-id=FINALFinal",
        "mlagents_version": "0.23.0",
        "mlagents_envs_version": "0.23.0",
        "communication_protocol_version": "1.3.0",
        "pytorch_version": "1.7.0+cu110",
        "numpy_version": "1.18.5",
        "end_time_seconds": "1611620466"
    },
    "total": 691.9693454,
    "count": 1,
    "self": 0.004852400000004309,
    "children": {
        "run_training.setup": {
            "total": 0.006178599999999923,
            "count": 1,
            "self": 0.006178599999999923
        },
        "TrainerController.start_learning": {
            "total": 691.9583144,
            "count": 1,
            "self": 1.372603299999355,
            "children": {
                "TrainerController._reset_env": {
                    "total": 6.0188904999999995,
                    "count": 1,
                    "self": 6.0188904999999995
                },
                "TrainerController.advance": {
                    "total": 684.4874889000006,
                    "count": 71979,
                    "self": 0.7412755999953333,
                    "children": {
                        "env_step": {
                            "total": 683.7462133000053,
                            "count": 71979,
                            "self": 599.4300054000007,
                            "children": {
                                "SubprocessEnvManager._take_step": {
                                    "total": 83.51713360000639,
                                    "count": 71979,
                                    "self": 3.2866830000091767,
                                    "children": {
                                        "TorchPolicy.evaluate": {
                                            "total": 80.23045059999721,
                                            "count": 71877,
                                            "self": 14.931306700000249,
                                            "children": {
                                                "TorchPolicy.sample_actions": {
                                                    "total": 65.29914389999696,
                                                    "count": 71877,
                                                    "self": 65.29914389999696
                                                }
                                            }
                                        }
                                    }
                                },
                                "workers": {
                                    "total": 0.7990742999980922,
                                    "count": 71978,
                                    "self": 0.0,
                                    "children": {
                                        "worker_root": {
                                            "total": 684.1917657999952,
                                            "count": 71978,
                                            "is_parallel": true,
                                            "self": 152.39916429999676,
                                            "children": {
                                                "steps_from_proto": {
                                                    "total": 0.0008559000000003536,
                                                    "count": 1,
                                                    "is_parallel": true,
                                                    "self": 0.00010900000000013677,
                                                    "children": {
                                                        "_process_vector_observation": {
                                                            "total": 0.0007469000000002168,
                                                            "count": 10,
                                                            "is_parallel": true,
                                                            "self": 0.0007469000000002168
                                                        }
                                                    }
                                                },
                                                "UnityEnvironment.step": {
                                                    "total": 531.7917455999984,
                                                    "count": 71978,
                                                    "is_parallel": true,
                                                    "self": 12.0689932000206,
                                                    "children": {
                                                        "UnityEnvironment._generate_step_input": {
                                                            "total": 10.240181799985729,
                                                            "count": 71978,
                                                            "is_parallel": true,
                                                            "self": 10.240181799985729
                                                        },
                                                        "communicator.exchange": {
                                                            "total": 454.9353434999951,
                                                            "count": 71978,
                                                            "is_parallel": true,