{
    "name": "root",
    "gauges": {
        "MyBehavior.Policy.Entropy.mean": {
            "value": 1.4177030324935913,
            "min": 1.4177030324935913,
            "max": 1.4177030324935913,
            "count": 1
        },
        "MyBehavior.Policy.ExtrinsicValueEstimate.mean": {
            "value": -0.21251355111598969,
            "min": -0.21251355111598969,
            "max": -0.21251355111598969,
            "count": 1
        },
        "MyBehavior.Environment.EpisodeLength.mean": {
            "value": 623.8311688311688,
            "min": 623.8311688311688,
            "max": 623.8311688311688,
            "count": 1
        },
        "MyBehavior.Environment.CumulativeReward.mean": {
            "value": -1.648137178272009,
            "min": -1.648137178272009,
            "max": -1.648137178272009,
            "count": 1
        },
        "MyBehavior.Policy.ExtrinsicReward.mean": {
            "value": -1.648137178272009,
            "min": -1.648137178272009,
            "max": -1.648137178272009,
            "count": 1
        },
        "MyBehavior.Losses.PolicyLoss.mean": {
            "value": 0.023718009164440446,
            "min": 0.023718009164440446,
            "max": 0.023718009164440446,
            "count": 1
        },
        "MyBehavior.Losses.ValueLoss.mean": {
            "value": 0.006923791589603449,
            "min": 0.006923791589603449,
            "max": 0.006923791589603449,
            "count": 1
        },
        "MyBehavior.Policy.LearningRate.mean": {
            "value": 0.00028458525513825,
            "min": 0.00028458525513825,
            "max": 0.00028458525513825,
            "count": 1
        },
        "MyBehavior.Policy.Epsilon.mean": {
            "value": 0.19486174999999997,
            "min": 0.19486174999999997,
            "max": 0.19486174999999997,
            "count": 1
        },
        "MyBehavior.Policy.Beta.mean": {
            "value": 0.004743601325,
            "min": 0.004743601325,
            "max": 0.004743601325,
            "count": 1
        },
        "MyBehavior.IsTraining.mean": {
            "value": 1.0,
            "min": 1.0,
            "max": 1.0,
            "count": 1
        }
    },
    "metadata": {
        "timer_format_version": "0.1.0",
        "start_time_seconds": "1611610589",
        "python_version": "3.7.9 (default, Aug 31 2020, 17:10:11) [MSC v.1916 64 bit (AMD64)]",
        "command_line_arguments": "C:\\Users\\PC\\anaconda3\\envs\\mlagents\\Scripts\\mlagents-learn config/comodo.yaml --run-id=test19",
        "mlagents_version": "0.23.0",
        "mlagents_envs_version": "0.23.0",
        "communication_protocol_version": "1.3.0",
        "pytorch_version": "1.7.0+cu110",
        "numpy_version": "1.18.5",
        "end_time_seconds": "1611610902"
    },
    "total": 312.9410439,
    "count": 1,
    "self": 0.005143500000031054,
    "children": {
        "run_training.setup": {
            "total": 0.00666230000000001,
            "count": 1,
            "self": 0.00666230000000001
        },
        "TrainerController.start_learning": {
            "total": 312.92923809999996,
            "count": 1,
            "self": 1.2579511999995816,
            "children": {
                "TrainerController._reset_env": {
                    "total": 3.5947232000000002,
                    "count": 1,
                    "self": 3.5947232000000002
                },
                "TrainerController.advance": {
                    "total": 308.0067152000004,
                    "count": 72889,
                    "self": 0.6487046000033274,
                    "children": {
                        "env_step": {
                            "total": 307.35801059999704,
                            "count": 72889,
                            "self": 260.6267653000035,
                            "children": {
                                "SubprocessEnvManager._take_step": {
                                    "total": 46.01235459999189,
                                    "count": 72889,
                                    "self": 2.8703049999918946,
                                    "children": {
                                        "TorchPolicy.evaluate": {
                                            "total": 43.14204959999999,
                                            "count": 72834,
                                            "self": 9.567453499993853,
                                            "children": {
                                                "TorchPolicy.sample_actions": {
                                                    "total": 33.57459610000614,
                                                    "count": 72834,
                                                    "self": 33.57459610000614
                                                }
                                            }
                                        }
                                    }
                                },
                                "workers": {
                                    "total": 0.7188907000016371,
                                    "count": 72888,
                                    "self": 0.0,
                                    "children": {
                                        "worker_root": {
                                            "total": 307.7726255000009,
                                            "count": 72888,
                                            "is_parallel": true,
                                            "self": 95.22249410000484,
                                            "children": {
                                                "steps_from_proto": {
                                                    "total": 0.0003525999999998142,
                                                    "count": 1,
                                                    "is_parallel": true,
                                                    "self": 8.310000000033568e-05,
                                                    "children": {
                                                        "_process_vector_observation": {
                                                            "total": 0.0002694999999994785,
                                                            "count": 10,
                                                            "is_parallel": true,
                                                            "self": 0.0002694999999994785
                                                        }
                                                    }
                                                },
                                                "UnityEnvironment.step": {
                                                    "total": 212.54977879999606,
                                                    "count": 72888,
                                                    "is_parallel": true,
                                                    "self": 5.0610262999856275,
                                                    "children": {
                                                        "UnityEnvironment._generate_step_input": {
                                                            "total": 3.3886291000043998,
                                                            "count": 72888,
                                                            "is_parallel": true,
                                                            "self": 3.3886291000043998
                                                        },
                                                        "communicator.exchange": {
                                                            "total": 183.29504320000095,
                                                            "count": 72888,
                                                            "is_parallel": true,