{
    "name": "root",
    "metadata": {
        "timer_format_version": "0.1.0",
        "start_time_seconds": "1611697366",
        "python_version": "3.7.9 (default, Aug 31 2020, 17:10:11) [MSC v.1916 64 bit (AMD64)]",
        "command_line_arguments": "C:\\Users\\PC\\anaconda3\\envs\\mlagents\\Scripts\\mlagents-learn config/comodo.yaml --run-id=NonCeLaFaccioPiu20",
        "mlagents_version": "0.23.0",
        "mlagents_envs_version": "0.23.0",
        "communication_protocol_version": "1.3.0",
        "pytorch_version": "1.7.0+cu110",
        "numpy_version": "1.18.5",
        "end_time_seconds": "1611697371"
    },
    "total": 4.5898303,
    "count": 1,
    "self": 0.004152100000000658,
    "children": {
        "run_training.setup": {
            "total": 0.006461700000000015,
            "count": 1,
            "self": 0.006461700000000015
        },
        "TrainerController.start_learning": {
            "total": 4.579216499999999,
            "count": 1,
            "self": 0.001325600000000371,
            "children": {
                "TrainerController._reset_env": {
                    "total": 2.9491426,
                    "count": 1,
                    "self": 2.9491426
                },
                "TrainerController.advance": {
                    "total": 1.5535935000000003,
                    "count": 28,
                    "self": 0.0002581999999997642,
                    "children": {
                        "env_step": {
                            "total": 1.5533353000000005,
                            "count": 28,
                            "self": 1.5299837999999997,
                            "children": {
                                "SubprocessEnvManager._take_step": {
                                    "total": 0.02308479999999946,
                                    "count": 28,
                                    "self": 0.0013438000000012273,
                                    "children": {
                                        "TorchPolicy.evaluate": {
                                            "total": 0.021740999999998234,
                                            "count": 28,
                                            "self": 0.004281400000000435,
                                            "children": {
                                                "TorchPolicy.sample_actions": {
                                                    "total": 0.0174595999999978,
                                                    "count": 28,
                                                    "self": 0.0174595999999978
                                                }
                                            }
                                        }
                                    }
                                },
                                "workers": {
                                    "total": 0.0002667000000013964,
                                    "count": 27,
                                    "self": 0.0,
                                    "children": {
                                        "worker_root": {
                                            "total": 1.5307388000000022,
                                            "count": 27,
                                            "is_parallel": true,
                                            "self": 0.05665060000000066,
                                            "children": {
                                                "steps_from_proto": {
                                                    "total": 0.0007453000000001708,
                                                    "count": 1,
                                                    "is_parallel": true,
                                                    "self": 7.799999999980045e-05,
                                                    "children": {
                                                        "_process_vector_observation": {
                                                            "total": 0.0006673000000003704,
                                                            "count": 6,
                                                            "is_parallel": true,
                                                            "self": 0.0006673000000003704
                                                        }
                                                    }
                                                },
                                                "UnityEnvironment.step": {
                                                    "total": 1.4733429000000013,
                                                    "count": 27,
                                                    "is_parallel": true,
                                                    "self": 0.004517399999999228,
                                                    "children": {
                                                        "UnityEnvironment._generate_step_input": {
                                                            "total": 0.0036863000000000312,
                                                            "count": 27,
                                                            "is_parallel": true,
                                                            "self": 0.0036863000000000312
                                                        },
                                                        "communicator.exchange": {
                                                            "total": 1.4454337000000015,
                                                            "count": 27,
                                                            "is_parallel": true,
                                                            "self": 1.4454337000000015
                                                        },
                                                        "steps_from_proto": {
                                                            "total": 0.019705500000000598,
                                                            "count": 27,
                                                            "is_parallel": true,
                                                            "self": 0.0020979000000038717,
                                                            "children": {
                                                                "_process_vector_observation": {
                                                                    "total": 0.017607599999996726,
                                                                    "count": 162,
                                                                    "is_parallel": true,
                                                                    "self": 0.017607599999996726
                                                                }
                                                            }
                                                        }
                                                    }
                                                }
                                            }
                                        }
                                    }
                                }
                            }
                        }
                    }
                },
                "trainer_threads": {
                    "total": 1.479999999975945e-05,
                    "count": 1,
                    "self": 1.479999999975945e-05,
                    "children": {
                        "thread_root": {
                            "total": 0.0,
                            "count": 0,
                            "is_parallel": true,
                            "self": 0.0,
                            "children": {
                                "trainer_advance": {
                                    "total": 1.547993200000009,