{
    "name": "root",
    "metadata": {
        "timer_format_version": "0.1.0",
        "start_time_seconds": "1611612988",
        "python_version": "3.7.9 (default, Aug 31 2020, 17:10:11) [MSC v.1916 64 bit (AMD64)]",
        "command_line_arguments": "C:\\Users\\PC\\anaconda3\\envs\\mlagents\\Scripts\\mlagents-learn config/comodo.yaml --run-id=test27",
        "mlagents_version": "0.23.0",
        "mlagents_envs_version": "0.23.0",
        "communication_protocol_version": "1.3.0",
        "pytorch_version": "1.7.0+cu110",
        "numpy_version": "1.18.5",
        "end_time_seconds": "1611613006"
    },
    "total": 17.9697386,
    "count": 1,
    "self": 0.004925300000003574,
    "children": {
        "run_training.setup": {
            "total": 0.006285899999999955,
            "count": 1,
            "self": 0.006285899999999955
        },
        "TrainerController.start_learning": {
            "total": 17.958527399999998,
            "count": 1,
            "self": 0.2603341999999955,
            "children": {
                "TrainerController._reset_env": {
                    "total": 4.951479900000001,
                    "count": 1,
                    "self": 4.951479900000001
                },
                "TrainerController.advance": {
                    "total": 12.681795100000002,
                    "count": 942,
                    "self": 0.009925399999957563,
                    "children": {
                        "env_step": {
                            "total": 12.671869700000045,
                            "count": 942,
                            "self": 11.107743300000088,
                            "children": {
                                "SubprocessEnvManager._take_step": {
                                    "total": 1.553593100000005,
                                    "count": 942,
                                    "self": 0.04970669999999355,
                                    "children": {
                                        "TorchPolicy.evaluate": {
                                            "total": 1.5038864000000114,
                                            "count": 927,
                                            "self": 0.2620509000000366,
                                            "children": {
                                                "TorchPolicy.sample_actions": {
                                                    "total": 1.2418354999999748,
                                                    "count": 927,
                                                    "self": 1.2418354999999748
                                                }
                                            }
                                        }
                                    }
                                },
                                "workers": {
                                    "total": 0.010533299999951673,
                                    "count": 941,
                                    "self": 0.0,
                                    "children": {
                                        "worker_root": {
                                            "total": 12.671143800000026,
                                            "count": 941,
                                            "is_parallel": true,
                                            "self": 2.7569471999999955,
                                            "children": {
                                                "steps_from_proto": {
                                                    "total": 0.0012240999999999502,
                                                    "count": 1,
                                                    "is_parallel": true,
                                                    "self": 0.00011159999999943437,
                                                    "children": {
                                                        "_process_vector_observation": {
                                                            "total": 0.0011125000000005159,
                                                            "count": 10,
                                                            "is_parallel": true,
                                                            "self": 0.0011125000000005159
                                                        }
                                                    }
                                                },
                                                "UnityEnvironment.step": {
                                                    "total": 9.91297250000003,
                                                    "count": 941,
                                                    "is_parallel": true,
                                                    "self": 0.26022450000002806,
                                                    "children": {
                                                        "UnityEnvironment._generate_step_input": {
                                                            "total": 0.18923879999997872,
                                                            "count": 941,
                                                            "is_parallel": true,
                                                            "self": 0.18923879999997872
                                                        },
                                                        "communicator.exchange": {
                                                            "total": 8.254198200000019,
                                                            "count": 941,
                                                            "is_parallel": true,
                                                            "self": 8.254198200000019
                                                        },
                                                        "steps_from_proto": {
                                                            "total": 1.209311000000005,
                                                            "count": 941,
                                                            "is_parallel": true,
                                                            "self": 0.0987361000000444,
                                                            "children": {
                                                                "_process_vector_observation": {
                                                                    "total": 1.1105748999999605,
                                                                    "count": 9410,
                                                                    "is_parallel": true,
                                                                    "self": 1.1105748999999605
                                                                }
                                                            }
                                                        }
                                                    }
                                                }
                                            }
                                        }
                                    }
                                }
                            }
                        }
                    }
                },
                "trainer_threads": {
                    "total": 1.7999999997186933e-05,
                    "count": 1,
                    "self": 1.7999999997186933e-05,
                    "children": {
                        "thread_root": {
                            "total": 0.0,
                            "count": 0,
                            "is_parallel": true,
                            "self": 0.0,
                            "children": {
                                "trainer_advance": {
                                    "total": 12.894543100000119,