{
    "name": "root",
    "metadata": {
        "timer_format_version": "0.1.0",
        "start_time_seconds": "1611658148",
        "python_version": "3.7.9 (default, Aug 31 2020, 17:10:11) [MSC v.1916 64 bit (AMD64)]",
        "command_line_arguments": "C:\\Users\\PC\\anaconda3\\envs\\mlagents\\Scripts\\mlagents-learn config/comodo.yaml --run-id=PleaseFINAL",
        "mlagents_version": "0.23.0",
        "mlagents_envs_version": "0.23.0",
        "communication_protocol_version": "1.3.0",
        "pytorch_version": "1.7.0+cu110",
        "numpy_version": "1.18.5",
        "end_time_seconds": "1611658157"
    },
    "total": 8.9741293,
    "count": 1,
    "self": 0.0042283999999988,
    "children": {
        "run_training.setup": {
            "total": 0.005997299999999983,
            "count": 1,
            "self": 0.005997299999999983
        },
        "TrainerController.start_learning": {
            "total": 8.9639036,
            "count": 1,
            "self": 0.005209800000010034,
            "children": {
                "TrainerController._reset_env": {
                    "total": 5.4323562,
                    "count": 1,
                    "self": 5.4323562
                },
                "TrainerController.advance": {
                    "total": 3.46116489999999,
                    "count": 191,
                    "self": 0.00164369999999181,
                    "children": {
                        "env_step": {
                            "total": 3.4595211999999984,
                            "count": 191,
                            "self": 3.325875800000005,
                            "children": {
                                "SubprocessEnvManager._take_step": {
                                    "total": 0.13192569999999204,
                                    "count": 191,
                                    "self": 0.008008299999994861,
                                    "children": {
                                        "TorchPolicy.evaluate": {
                                            "total": 0.12391739999999718,
                                            "count": 191,
                                            "self": 0.02417329999999218,
                                            "children": {
                                                "TorchPolicy.sample_actions": {
                                                    "total": 0.099744100000005,
                                                    "count": 191,
                                                    "self": 0.099744100000005
                                                }
                                            }
                                        }
                                    }
                                },
                                "workers": {
                                    "total": 0.001719700000001545,
                                    "count": 190,
                                    "self": 0.0,
                                    "children": {
                                        "worker_root": {
                                            "total": 3.462574200000005,
                                            "count": 190,
                                            "is_parallel": true,
                                            "self": 0.2898843000000131,
                                            "children": {
                                                "steps_from_proto": {
                                                    "total": 0.0008401999999998466,
                                                    "count": 1,
                                                    "is_parallel": true,
                                                    "self": 0.00012070000000008463,
                                                    "children": {
                                                        "_process_vector_observation": {
                                                            "total": 0.000719499999999762,
                                                            "count": 10,
                                                            "is_parallel": true,
                                                            "self": 0.000719499999999762
                                                        }
                                                    }
                                                },
                                                "UnityEnvironment.step": {
                                                    "total": 3.171849699999992,
                                                    "count": 190,
                                                    "is_parallel": true,
                                                    "self": 0.028074599999983185,
                                                    "children": {
                                                        "UnityEnvironment._generate_step_input": {
                                                            "total": 0.019926900000002412,
                                                            "count": 190,
                                                            "is_parallel": true,
                                                            "self": 0.019926900000002412
                                                        },
                                                        "communicator.exchange": {
                                                            "total": 2.993290900000006,
                                                            "count": 190,
                                                            "is_parallel": true,
                                                            "self": 2.993290900000006
                                                        },
                                                        "steps_from_proto": {
                                                            "total": 0.13055730000000043,
                                                            "count": 190,
                                                            "is_parallel": true,
                                                            "self": 0.016260800000026165,
                                                            "children": {
                                                                "_process_vector_observation": {
                                                                    "total": 0.11429649999997427,
                                                                    "count": 1900,
                                                                    "is_parallel": true,
                                                                    "self": 0.11429649999997427
                                                                }
                                                            }
                                                        }
                                                    }
                                                }
                                            }
                                        }
                                    }
                                }
                            }
                        }
                    }
                },
                "trainer_threads": {
                    "total": 1.3400000000274304e-05,
                    "count": 1,
                    "self": 1.3400000000274304e-05,
                    "children": {
                        "thread_root": {
                            "total": 0.0,
                            "count": 0,
                            "is_parallel": true,
                            "self": 0.0,
                            "children": {
                                "trainer_advance": {
                                    "total": 3.453034000000004,