{
    "name": "root",
    "metadata": {
        "timer_format_version": "0.1.0",
        "start_time_seconds": "1611614013",
        "python_version": "3.7.9 (default, Aug 31 2020, 17:10:11) [MSC v.1916 64 bit (AMD64)]",
        "command_line_arguments": "C:\\Users\\PC\\anaconda3\\envs\\mlagents\\Scripts\\mlagents-learn config/comodo.yaml --run-id=test29",
        "mlagents_version": "0.23.0",
        "mlagents_envs_version": "0.23.0",
        "communication_protocol_version": "1.3.0",
        "pytorch_version": "1.7.0+cu110",
        "numpy_version": "1.18.5",
        "end_time_seconds": "1611614035"
    },
    "total": 22.2423167,
    "count": 1,
    "self": 0.004865699999999862,
    "children": {
        "run_training.setup": {
            "total": 0.006073999999999913,
            "count": 1,
            "self": 0.006073999999999913
        },
        "TrainerController.start_learning": {
            "total": 22.231377,
            "count": 1,
            "self": 0.027483799999966863,
            "children": {
                "TrainerController._reset_env": {
                    "total": 15.452567499999999,
                    "count": 1,
                    "self": 15.452567499999999
                },
                "TrainerController.advance": {
                    "total": 6.686624900000037,
                    "count": 1614,
                    "self": 0.013124499999992878,
                    "children": {
                        "env_step": {
                            "total": 6.673500400000044,
                            "count": 1614,
                            "self": 5.781610600000061,
                            "children": {
                                "SubprocessEnvManager._take_step": {
                                    "total": 0.8771877999999873,
                                    "count": 1614,
                                    "self": 0.059985399999856526,
                                    "children": {
                                        "TorchPolicy.evaluate": {
                                            "total": 0.8172024000001308,
                                            "count": 1614,
                                            "self": 0.18287630000013522,
                                            "children": {
                                                "TorchPolicy.sample_actions": {
                                                    "total": 0.6343260999999956,
                                                    "count": 1614,
                                                    "self": 0.6343260999999956
                                                }
                                            }
                                        }
                                    }
                                },
                                "workers": {
                                    "total": 0.014701999999996218,
                                    "count": 1613,
                                    "self": 0.0,
                                    "children": {
                                        "worker_root": {
                                            "total": 6.684537700000012,
                                            "count": 1613,
                                            "is_parallel": true,
                                            "self": 1.8885454999999585,
                                            "children": {
                                                "steps_from_proto": {
                                                    "total": 0.0003845999999985139,
                                                    "count": 1,
                                                    "is_parallel": true,
                                                    "self": 8.540000000323289e-05,
                                                    "children": {
                                                        "_process_vector_observation": {
                                                            "total": 0.000299199999995281,
                                                            "count": 10,
                                                            "is_parallel": true,
                                                            "self": 0.000299199999995281
                                                        }
                                                    }
                                                },
                                                "UnityEnvironment.step": {
                                                    "total": 4.795607600000055,
                                                    "count": 1613,
                                                    "is_parallel": true,
                                                    "self": 0.11854660000019912,
                                                    "children": {
                                                        "UnityEnvironment._generate_step_input": {
                                                            "total": 0.06777599999998252,
                                                            "count": 1613,
                                                            "is_parallel": true,
                                                            "self": 0.06777599999998252
                                                        },
                                                        "communicator.exchange": {
                                                            "total": 4.155925300000012,
                                                            "count": 1613,
                                                            "is_parallel": true,
                                                            "self": 4.155925300000012
                                                        },
                                                        "steps_from_proto": {
                                                            "total": 0.4533596999998615,
                                                            "count": 1613,
                                                            "is_parallel": true,
                                                            "self": 0.11866649999977597,
                                                            "children": {
                                                                "_process_vector_observation": {
                                                                    "total": 0.3346932000000855,
                                                                    "count": 16130,
                                                                    "is_parallel": true,
                                                                    "self": 0.3346932000000855
                                                                }
                                                            }
                                                        }
                                                    }
                                                }
                                            }
                                        }
                                    }
                                }
                            }
                        }
                    }
                },
                "trainer_threads": {
                    "total": 1.3899999999011925e-05,
                    "count": 1,
                    "self": 1.3899999999011925e-05,
                    "children": {
                        "thread_root": {
                            "total": 0.0,
                            "count": 0,
                            "is_parallel": true,
                            "self": 0.0,
                            "children": {
                                "trainer_advance": {
                                    "total": 6.68538619999984,