{
    "name": "root",
    "metadata": {
        "timer_format_version": "0.1.0",
        "start_time_seconds": "1611744242",
        "python_version": "3.7.9 (default, Aug 31 2020, 17:10:11) [MSC v.1916 64 bit (AMD64)]",
        "command_line_arguments": "C:\\Users\\PC\\anaconda3\\envs\\mlagents\\Scripts\\mlagents-learn config/comodo.yaml --run-id=DAIII9",
        "mlagents_version": "0.23.0",
        "mlagents_envs_version": "0.23.0",
        "communication_protocol_version": "1.3.0",
        "pytorch_version": "1.7.0+cu110",
        "numpy_version": "1.18.5",
        "end_time_seconds": "1611744276"
    },
    "total": 33.5146164,
    "count": 1,
    "self": 0.0044010000000014315,
    "children": {
        "run_training.setup": {
            "total": 0.005989699999999987,
            "count": 1,
            "self": 0.005989699999999987
        },
        "TrainerController.start_learning": {
            "total": 33.5042257,
            "count": 1,
            "self": 0.0015227999999964936,
            "children": {
                "TrainerController._reset_env": {
                    "total": 4.4262292,
                    "count": 1,
                    "self": 4.4262292
                },
                "TrainerController.advance": {
                    "total": 28.9750061,
                    "count": 12,
                    "self": 0.00010840000000200689,
                    "children": {
                        "env_step": {
                            "total": 28.9748977,
                            "count": 12,
                            "self": 28.9451638,
                            "children": {
                                "SubprocessEnvManager._take_step": {
                                    "total": 0.029633200000000137,
                                    "count": 12,
                                    "self": 0.0004854000000005243,
                                    "children": {
                                        "TorchPolicy.evaluate": {
                                            "total": 0.029147799999999613,
                                            "count": 12,
                                            "self": 0.0030402999999994407,
                                            "children": {
                                                "TorchPolicy.sample_actions": {
                                                    "total": 0.026107500000000172,
                                                    "count": 12,
                                                    "self": 0.026107500000000172
                                                }
                                            }
                                        }
                                    }
                                },
                                "workers": {
                                    "total": 0.00010069999999906543,
                                    "count": 11,
                                    "self": 0.0,
                                    "children": {
                                        "worker_root": {
                                            "total": 0.30079720000000076,
                                            "count": 11,
                                            "is_parallel": true,
                                            "self": 0.05194580000000126,
                                            "children": {
                                                "steps_from_proto": {
                                                    "total": 0.03919389999999989,
                                                    "count": 1,
                                                    "is_parallel": true,
                                                    "self": 0.03848009999999924,
                                                    "children": {
                                                        "_process_vector_observation": {
                                                            "total": 0.0007138000000006528,
                                                            "count": 6,
                                                            "is_parallel": true,
                                                            "self": 0.0007138000000006528
                                                        }
                                                    }
                                                },
                                                "UnityEnvironment.step": {
                                                    "total": 0.2096574999999996,
                                                    "count": 11,
                                                    "is_parallel": true,
                                                    "self": 0.0017308999999983143,
                                                    "children": {
                                                        "UnityEnvironment._generate_step_input": {
                                                            "total": 0.0014813000000000187,
                                                            "count": 11,
                                                            "is_parallel": true,
                                                            "self": 0.0014813000000000187
                                                        },
                                                        "communicator.exchange": {
                                                            "total": 0.19773110000000127,
                                                            "count": 11,
                                                            "is_parallel": true,
                                                            "self": 0.19773110000000127
                                                        },
                                                        "steps_from_proto": {
                                                            "total": 0.008714200000000005,
                                                            "count": 11,
                                                            "is_parallel": true,
                                                            "self": 0.001402899999996876,
                                                            "children": {
                                                                "_process_vector_observation": {
                                                                    "total": 0.007311300000003129,
                                                                    "count": 66,
                                                                    "is_parallel": true,
                                                                    "self": 0.007311300000003129
                                                                }
                                                            }
                                                        }
                                                    }
                                                }
                                            }
                                        }
                                    }
                                }
                            }
                        }
                    }
                },
                "trainer_threads": {
                    "total": 1.3200000005042511e-05,
                    "count": 1,
                    "self": 1.3200000005042511e-05,
                    "children": {
                        "thread_root": {
                            "total": 0.0,
                            "count": 0,
                            "is_parallel": true,
                            "self": 0.0,
                            "children": {
                                "trainer_advance": {
                                    "total": 28.87402390000023,
                                    "count": 14493,