{
    "name": "root",
    "metadata": {
        "timer_format_version": "0.1.0",
        "start_time_seconds": "1611615552",
        "python_version": "3.7.9 (default, Aug 31 2020, 17:10:11) [MSC v.1916 64 bit (AMD64)]",
        "command_line_arguments": "C:\\Users\\PC\\anaconda3\\envs\\mlagents\\Scripts\\mlagents-learn config/comodo.yaml --run-id=test31",
        "mlagents_version": "0.23.0",
        "mlagents_envs_version": "0.23.0",
        "communication_protocol_version": "1.3.0",
        "pytorch_version": "1.7.0+cu110",
        "numpy_version": "1.18.5",
        "end_time_seconds": "1611615564"
    },
    "total": 11.9572139,
    "count": 1,
    "self": 0.004105599999999043,
    "children": {
        "run_training.setup": {
            "total": 0.006435700000000044,
            "count": 1,
            "self": 0.006435700000000044
        },
        "TrainerController.start_learning": {
            "total": 11.9466726,
            "count": 1,
            "self": 0.010987999999988673,
            "children": {
                "TrainerController._reset_env": {
                    "total": 5.0621561,
                    "count": 1,
                    "self": 5.0621561
                },
                "TrainerController.advance": {
                    "total": 6.810118500000012,
                    "count": 604,
                    "self": 0.005359100000015715,
                    "children": {
                        "env_step": {
                            "total": 6.8047593999999965,
                            "count": 604,
                            "self": 6.28489199999999,
                            "children": {
                                "SubprocessEnvManager._take_step": {
                                    "total": 0.513943700000004,
                                    "count": 604,
                                    "self": 0.02798240000001062,
                                    "children": {
                                        "TorchPolicy.evaluate": {
                                            "total": 0.4859612999999934,
                                            "count": 604,
                                            "self": 0.10234169999999665,
                                            "children": {
                                                "TorchPolicy.sample_actions": {
                                                    "total": 0.38361959999999673,
                                                    "count": 604,
                                                    "self": 0.38361959999999673
                                                }
                                            }
                                        }
                                    }
                                },
                                "workers": {
                                    "total": 0.005923700000002086,
                                    "count": 603,
                                    "self": 0.0,
                                    "children": {
                                        "worker_root": {
                                            "total": 6.8071949000000025,
                                            "count": 603,
                                            "is_parallel": true,
                                            "self": 1.1398629999999903,
                                            "children": {
                                                "steps_from_proto": {
                                                    "total": 0.0010583999999997928,
                                                    "count": 1,
                                                    "is_parallel": true,
                                                    "self": 0.00010660000000051184,
                                                    "children": {
                                                        "_process_vector_observation": {
                                                            "total": 0.000951799999999281,
                                                            "count": 10,
                                                            "is_parallel": true,
                                                            "self": 0.000951799999999281
                                                        }
                                                    }
                                                },
                                                "UnityEnvironment.step": {
                                                    "total": 5.666273500000012,
                                                    "count": 603,
                                                    "is_parallel": true,
                                                    "self": 0.13559060000001288,
                                                    "children": {
                                                        "UnityEnvironment._generate_step_input": {
                                                            "total": 0.09483880000000688,
                                                            "count": 603,
                                                            "is_parallel": true,
                                                            "self": 0.09483880000000688
                                                        },
                                                        "communicator.exchange": {
                                                            "total": 4.817297200000009,
                                                            "count": 603,
                                                            "is_parallel": true,
                                                            "self": 4.817297200000009
                                                        },
                                                        "steps_from_proto": {
                                                            "total": 0.6185468999999832,
                                                            "count": 603,
                                                            "is_parallel": true,
                                                            "self": 0.05659759999993419,
                                                            "children": {
                                                                "_process_vector_observation": {
                                                                    "total": 0.5619493000000491,
                                                                    "count": 6030,
                                                                    "is_parallel": true,
                                                                    "self": 0.5619493000000491
                                                                }
                                                            }
                                                        }
                                                    }
                                                }
                                            }
                                        }
                                    }
                                }
                            }
                        }
                    }
                },
                "trainer_threads": {
                    "total": 1.529999999938525e-05,
                    "count": 1,
                    "self": 1.529999999938525e-05,
                    "children": {
                        "thread_root": {
                            "total": 0.0,
                            "count": 0,
                            "is_parallel": true,
                            "self": 0.0,
                            "children": {
                                "trainer_advance": {
                                    "total": 6.793855699999986,
                                    "count": 3084,