{
    "name": "root",
    "gauges": {
        "StandardConfig.Policy.Entropy.mean": {
            "value": 1.46078622341156,
            "min": 1.419494390487671,
            "max": 1.46078622341156,
            "count": 28
        },
        "StandardConfig.Policy.ExtrinsicValueEstimate.mean": {
            "value": -0.0023893199395388365,
            "min": -0.098656065762043,
            "max": 0.01074280682951212,
            "count": 28
        },
        "StandardConfig.Policy.CuriosityValueEstimate.mean": {
            "value": 0.33811184763908386,
            "min": 0.008536524139344692,
            "max": 0.5794305801391602,
            "count": 28
        },
        "StandardConfig.Losses.PolicyLoss.mean": {
            "value": 0.0034538171409318843,
            "min": 0.0023034068290144205,
            "max": 0.019279147187868755,
            "count": 28
        },
        "StandardConfig.Losses.ValueLoss.mean": {
            "value": 0.0028103367580721776,
            "min": 9.273098148696591e-05,
            "max": 0.015112034214325831,
            "count": 28
        },
        "StandardConfig.Policy.LearningRate.mean": {
            "value": 0.00029834745055084996,
            "min": 0.00029834745055084996,
            "max": 0.00029996313601228795,
            "count": 28
        },
        "StandardConfig.Policy.Epsilon.mean": {
            "value": 0.19944915000000002,
            "min": 0.19944915000000002,
            "max": 0.199987712,
            "count": 28
        },
        "StandardConfig.Policy.Beta.mean": {
            "value": 0.099449205085,
            "min": 0.099449205085,
            "max": 0.09998771322880001,
            "count": 28
        },
        "StandardConfig.Losses.CuriosityForwardLoss.mean": {
            "value": 0.13570955395698545,
            "min": 0.04677107992271583,
            "max": 1.0424997458855312,
            "count": 28
        },
        "StandardConfig.Losses.CuriosityInverseLoss.mean": {
            "value": 3.7908287048339844,
            "min": 3.7368830362955725,
            "max": 4.588272174199422,
            "count": 28
        },
        "StandardConfig.IsTraining.mean": {
            "value": 1.0,
            "min": 1.0,
            "max": 1.0,
            "count": 28
        },
        "StandardConfig.Environment.EpisodeLength.mean": {
            "value": 3076.0,
            "min": 3000.0,
            "max": 5849.333333333333,
            "count": 18
        },
        "StandardConfig.Environment.CumulativeReward.mean": {
            "value": -1.75,
            "min": -2.0,
            "max": -1.75,
            "count": 18
        },
        "StandardConfig.Policy.ExtrinsicReward.mean": {
            "value": -1.75,
            "min": -2.0,
            "max": -1.75,
            "count": 18
        },
        "StandardConfig.Policy.CuriosityReward.mean": {
            "value": 9.330766847357154,
            "min": 3.742781884036958,
            "max": 28.858309544622898,
            "count": 18
        }
    },
    "metadata": {
        "timer_format_version": "0.1.0",
        "start_time_seconds": "1611682720",
        "python_version": "3.7.9 (default, Aug 31 2020, 17:10:11) [MSC v.1916 64 bit (AMD64)]",
        "command_line_arguments": "C:\\Users\\PC\\anaconda3\\envs\\mlagents\\Scripts\\mlagents-learn config/comodo.yaml --run-id=PleaseFINALFINAL17",
        "mlagents_version": "0.23.0",
        "mlagents_envs_version": "0.23.0",
        "communication_protocol_version": "1.3.0",
        "pytorch_version": "1.7.0+cu110",
        "numpy_version": "1.18.5",
        "end_time_seconds": "1611683112"
    },
    "total": 392.1805857,
    "count": 1,
    "self": 0.004096000000004096,
    "children": {
        "run_training.setup": {
            "total": 0.006064100000000017,
            "count": 1,
            "self": 0.006064100000000017
        },
        "TrainerController.start_learning": {
            "total": 392.1704256,
            "count": 1,
            "self": 0.9265151999995282,
            "children": {
                "TrainerController._reset_env": {
                    "total": 3.8472117000000003,
                    "count": 1,
                    "self": 3.8472117000000003
                },
                "TrainerController.advance": {
                    "total": 387.3258865000004,
                    "count": 17736,
                    "self": 0.18403030000348508,
                    "children": {
                        "env_step": {
                            "total": 387.14185619999694,
                            "count": 17736,
                            "self": 356.68239989999415,
                            "children": {
                                "SubprocessEnvManager._take_step": {
                                    "total": 30.258770400000365,
                                    "count": 17736,
                                    "self": 0.9319205000004338,
                                    "children": {
                                        "TorchPolicy.evaluate": {
                                            "total": 29.32684989999993,
                                            "count": 17684,
                                            "self": 6.874002200000206,
                                            "children": {
                                                "TorchPolicy.sample_actions": {
                                                    "total": 22.452847699999726,
                                                    "count": 17684,
                                                    "self": 22.452847699999726
                                                }
                                            }
                                        }
                                    }
                                },
                                "workers": {
                                    "total": 0.20068590000239261,
                                    "count": 17735,
                                    "self": 0.0,
                                    "children": {
                                        "worker_root": {
                                            "total": 387.27904449999977,
                                            "count": 17735,
                                            "is_parallel": true,
                                            "self": 64.26845739999533,
                                            "children": {
                                                "steps_from_proto": {
                                                    "total": 0.0009941000000002198,
                                                    "count": 1,
                                                    "is_parallel": true,
                                                    "self": 0.00010030000000016415,
                                                    "children": {
                                                        "_process_vector_observation": {
                                                            "total": 0.0008938000000000557,
                                                            "count": 6,
                                                            "is_parallel": true,
                                                            "self": 0.0008938000000000557
                                                        }
                                                    }
                                                },
                                                "UnityEnvironment.step": {
                                                    "total": 323.00959300000443,
                                                    "count": 17735,
                                                    "is_parallel": true,
                                                    "self": 5.0681838000000425,