{
    "name": "root",
    "gauges": {
        "StandardConfig.Policy.Entropy.mean": {
            "value": 1.4189382791519165,
            "min": 1.4189382791519165,
            "max": 1.4189382791519165,
            "count": 1
        },
        "StandardConfig.Policy.ExtrinsicValueEstimate.mean": {
            "value": 0.0470111221075058,
            "min": 0.0470111221075058,
            "max": 0.0470111221075058,
            "count": 1
        },
        "StandardConfig.Policy.CuriosityValueEstimate.mean": {
            "value": 0.04707710072398186,
            "min": 0.04707710072398186,
            "max": 0.04707710072398186,
            "count": 1
        },
        "StandardConfig.Environment.EpisodeLength.mean": {
            "value": 375.0,
            "min": 375.0,
            "max": 375.0,
            "count": 1
        },
        "StandardConfig.Environment.CumulativeReward.mean": {
            "value": -1.2466134514127458,
            "min": -1.2466134514127458,
            "max": -1.2466134514127458,
            "count": 1
        },
        "StandardConfig.Policy.ExtrinsicReward.mean": {
            "value": -1.2466134514127458,
            "min": -1.2466134514127458,
            "max": -1.2466134514127458,
            "count": 1
        },
        "StandardConfig.Policy.CuriosityReward.mean": {
            "value": 0.0,
            "min": 0.0,
            "max": 0.0,
            "count": 1
        },
        "StandardConfig.IsTraining.mean": {
            "value": 1.0,
            "min": 1.0,
            "max": 1.0,
            "count": 1
        }
    },
    "metadata": {
        "timer_format_version": "0.1.0",
        "start_time_seconds": "1611706624",
        "python_version": "3.7.9 (default, Aug 31 2020, 17:10:11) [MSC v.1916 64 bit (AMD64)]",
        "command_line_arguments": "C:\\Users\\PC\\anaconda3\\envs\\mlagents\\Scripts\\mlagents-learn config/comodo.yaml --run-id=NonCeLaFaccioPiu41",
        "mlagents_version": "0.23.0",
        "mlagents_envs_version": "0.23.0",
        "communication_protocol_version": "1.3.0",
        "pytorch_version": "1.7.0+cu110",
        "numpy_version": "1.18.5",
        "end_time_seconds": "1611706674"
    },
    "total": 49.9243576,
    "count": 1,
    "self": 0.004014500000003807,
    "children": {
        "run_training.setup": {
            "total": 0.005916500000000102,
            "count": 1,
            "self": 0.005916500000000102
        },
        "TrainerController.start_learning": {
            "total": 49.9144266,
            "count": 1,
            "self": 0.06509790000012572,
            "children": {
                "TrainerController._reset_env": {
                    "total": 3.6184642999999994,
                    "count": 1,
                    "self": 3.6184642999999994
                },
                "TrainerController.advance": {
                    "total": 46.161896299999874,
                    "count": 3671,
                    "self": 0.03155649999989407,
                    "children": {
                        "env_step": {
                            "total": 46.13033979999998,
                            "count": 3671,
                            "self": 42.6785406000001,
                            "children": {
                                "SubprocessEnvManager._take_step": {
                                    "total": 3.416255199999955,
                                    "count": 3671,
                                    "self": 0.1474199999999275,
                                    "children": {
                                        "TorchPolicy.evaluate": {
                                            "total": 3.2688352000000274,
                                            "count": 3662,
                                            "self": 0.5024108000002201,
                                            "children": {
                                                "TorchPolicy.sample_actions": {
                                                    "total": 2.7664243999998073,
                                                    "count": 3662,
                                                    "self": 2.7664243999998073
                                                }
                                            }
                                        }
                                    }
                                },
                                "workers": {
                                    "total": 0.03554399999992697,
                                    "count": 3670,
                                    "self": 0.0,
                                    "children": {
                                        "worker_root": {
                                            "total": 46.19356610000026,
                                            "count": 3670,
                                            "is_parallel": true,
                                            "self": 6.448243200000263,
                                            "children": {
                                                "steps_from_proto": {
                                                    "total": 0.0005300000000003635,
                                                    "count": 1,
                                                    "is_parallel": true,
                                                    "self": 7.590000000012864e-05,
                                                    "children": {
                                                        "_process_vector_observation": {
                                                            "total": 0.00045410000000023487,
                                                            "count": 6,
                                                            "is_parallel": true,
                                                            "self": 0.00045410000000023487
                                                        }
                                                    }
                                                },
                                                "UnityEnvironment.step": {
                                                    "total": 39.7447929,
                                                    "count": 3670,
                                                    "is_parallel": true,
                                                    "self": 0.38114380000006776,
                                                    "children": {
                                                        "UnityEnvironment._generate_step_input": {
                                                            "total": 0.29906059999981194,
                                                            "count": 3670,
                                                            "is_parallel": true,
                                                            "self": 0.29906059999981194
                                                        },
                                                        "communicator.exchange": {
                                                            "total": 37.452536400000135,
                                                            "count": 3670,
                                                            "is_parallel": true,
                                                            "self": 37.452536400000135
                                                        },
                                                        "steps_from_proto": {
                                                            "total": 1.6120520999999828,
                                                            "count": 3670,
                                                            "is_parallel": true,
                                                            "self": 0.25033000000053107,