{
    "name": "root",
    "gauges": {
        "StandardConfig.Policy.Entropy.mean": {
            "value": 1.4189382791519165,
            "min": 1.4189382791519165,
            "max": 1.4189382791519165,
            "count": 2
        },
        "StandardConfig.Policy.ExtrinsicValueEstimate.mean": {
            "value": 72.50584411621094,
            "min": 72.50584411621094,
            "max": 73.33642578125,
            "count": 2
        },
        "StandardConfig.Policy.CuriosityValueEstimate.mean": {
            "value": 8.580387115478516,
            "min": 8.580387115478516,
            "max": 8.647695541381836,
            "count": 2
        },
        "StandardConfig.IsTraining.mean": {
            "value": 1.0,
            "min": 1.0,
            "max": 1.0,
            "count": 2
        },
        "StandardConfig.Environment.EpisodeLength.mean": {
            "value": 1604.375,
            "min": 1604.375,
            "max": 1604.375,
            "count": 1
        },
        "StandardConfig.Environment.CumulativeReward.mean": {
            "value": -15.681676153093576,
            "min": -15.681676153093576,
            "max": -15.681676153093576,
            "count": 1
        },
        "StandardConfig.Policy.ExtrinsicReward.mean": {
            "value": -15.681676153093576,
            "min": -15.681676153093576,
            "max": -15.681676153093576,
            "count": 1
        },
        "StandardConfig.Policy.CuriosityReward.mean": {
            "value": 0.0,
            "min": 0.0,
            "max": 0.0,
            "count": 1
        }
    },
    "metadata": {
        "timer_format_version": "0.1.0",
        "start_time_seconds": "1611743730",
        "python_version": "3.7.9 (default, Aug 31 2020, 17:10:11) [MSC v.1916 64 bit (AMD64)]",
        "command_line_arguments": "C:\\Users\\PC\\anaconda3\\envs\\mlagents\\Scripts\\mlagents-learn config/comodo.yaml --run-id=DAIII7",
        "mlagents_version": "0.23.0",
        "mlagents_envs_version": "0.23.0",
        "communication_protocol_version": "1.3.0",
        "pytorch_version": "1.7.0+cu110",
        "numpy_version": "1.18.5",
        "end_time_seconds": "1611743821"
    },
    "total": 91.2226008,
    "count": 1,
    "self": 0.004255999999983828,
    "children": {
        "run_training.setup": {
            "total": 0.005824200000000057,
            "count": 1,
            "self": 0.005824200000000057
        },
        "TrainerController.start_learning": {
            "total": 91.2125206,
            "count": 1,
            "self": 0.051455799999828855,
            "children": {
                "TrainerController._reset_env": {
                    "total": 29.987520699999997,
                    "count": 1,
                    "self": 29.987520699999997
                },
                "TrainerController.advance": {
                    "total": 61.058016300000176,
                    "count": 2828,
                    "self": 0.024604100000196638,
                    "children": {
                        "env_step": {
                            "total": 61.03341219999998,
                            "count": 2828,
                            "self": 56.782919199999924,
                            "children": {
                                "SubprocessEnvManager._take_step": {
                                    "total": 4.22159440000021,
                                    "count": 2828,
                                    "self": 0.12361350000017879,
                                    "children": {
                                        "TorchPolicy.evaluate": {
                                            "total": 4.097980900000032,
                                            "count": 2823,
                                            "self": 0.5390758000002691,
                                            "children": {
                                                "TorchPolicy.sample_actions": {
                                                    "total": 3.5589050999997625,
                                                    "count": 2823,
                                                    "self": 3.5589050999997625
                                                }
                                            }
                                        }
                                    }
                                },
                                "workers": {
                                    "total": 0.02889859999984168,
                                    "count": 2827,
                                    "self": 0.0,
                                    "children": {
                                        "worker_root": {
                                            "total": 61.05807999999947,
                                            "count": 2827,
                                            "is_parallel": true,
                                            "self": 6.94331959999959,
                                            "children": {
                                                "steps_from_proto": {
                                                    "total": 0.0007945000000013636,
                                                    "count": 1,
                                                    "is_parallel": true,
                                                    "self": 8.349999999879287e-05,
                                                    "children": {
                                                        "_process_vector_observation": {
                                                            "total": 0.0007110000000025707,
                                                            "count": 6,
                                                            "is_parallel": true,
                                                            "self": 0.0007110000000025707
                                                        }
                                                    }
                                                },
                                                "UnityEnvironment.step": {
                                                    "total": 54.11396589999988,
                                                    "count": 2827,
                                                    "is_parallel": true,
                                                    "self": 0.4468694999998064,
                                                    "children": {
                                                        "UnityEnvironment._generate_step_input": {
                                                            "total": 0.36424440000010705,
                                                            "count": 2827,
                                                            "is_parallel": true,
                                                            "self": 0.36424440000010705
                                                        },
                                                        "communicator.exchange": {
                                                            "total": 51.24573180000026,
                                                            "count": 2827,
                                                            "is_parallel": true,
                                                            "self": 51.24573180000026
                                                        },
                                                        "steps_from_proto": {
                                                            "total": 2.057120199999712,
                                                            "count": 2827,
                                                            "is_parallel": true,
                                                            "self": 0.20278209999983332,