{
    "name": "root",
    "gauges": {
        "StandardConfig.Policy.Entropy.mean": {
            "value": 1.4634127616882324,
            "min": 1.4196033477783203,
            "max": 1.4634127616882324,
            "count": 19
        },
        "StandardConfig.Policy.ExtrinsicValueEstimate.mean": {
            "value": -0.21510621905326843,
            "min": -0.35520586371421814,
            "max": 6.338764190673828,
            "count": 19
        },
        "StandardConfig.Policy.CuriosityValueEstimate.mean": {
            "value": 10.411218643188477,
            "min": 2.70050048828125,
            "max": 92.31639099121094,
            "count": 19
        },
        "StandardConfig.Losses.PolicyLoss.mean": {
            "value": 0.003913259164740642,
            "min": 0.0020609350719799596,
            "max": 0.008552855753805488,
            "count": 19
        },
        "StandardConfig.Losses.ValueLoss.mean": {
            "value": 0.059159451723098756,
            "min": 0.04324613710244497,
            "max": 81.38098731140296,
            "count": 19
        },
        "StandardConfig.Policy.LearningRate.mean": {
            "value": 0.0002988913875695376,
            "min": 0.0002988913875695376,
            "max": 0.00029996652901115696,
            "count": 19
        },
        "StandardConfig.Policy.Epsilon.mean": {
            "value": 0.1996304624,
            "min": 0.1996304624,
            "max": 0.199988843,
            "count": 19
        },
        "StandardConfig.Policy.Beta.mean": {
            "value": 0.09963049935375999,
            "min": 0.09963049935375999,
            "max": 0.09998884411570001,
            "count": 19
        },
        "StandardConfig.Losses.CuriosityForwardLoss.mean": {
            "value": 2.5429845015207926,
            "min": 2.5429845015207926,
            "max": 9155.420776367188,
            "count": 19
        },
        "StandardConfig.Losses.CuriosityInverseLoss.mean": {
            "value": 4.874034690856933,
            "min": 4.27702449162801,
            "max": 166.5731682777405,
            "count": 19
        },
        "StandardConfig.Environment.EpisodeLength.mean": {
            "value": 1409.5,
            "min": 644.7647058823529,
            "max": 1409.5,
            "count": 19
        },
        "StandardConfig.Environment.CumulativeReward.mean": {
            "value": -0.9553521065681707,
            "min": -1.056944329943508,
            "max": -0.7605092781363055,
            "count": 19
        },
        "StandardConfig.Policy.ExtrinsicReward.mean": {
            "value": -0.9553521065681707,
            "min": -1.056944329943508,
            "max": -0.7605092781363055,
            "count": 19
        },
        "StandardConfig.Policy.CuriosityReward.mean": {
            "value": 165.9645220041275,
            "min": 90.04430754482746,
            "max": 738.0833333333334,
            "count": 19
        },
        "StandardConfig.IsTraining.mean": {
            "value": 1.0,
            "min": 1.0,
            "max": 1.0,
            "count": 19
        }
    },
    "metadata": {
        "timer_format_version": "0.1.0",
        "start_time_seconds": "1611677700",
        "python_version": "3.7.9 (default, Aug 31 2020, 17:10:11) [MSC v.1916 64 bit (AMD64)]",
        "command_line_arguments": "C:\\Users\\PC\\anaconda3\\envs\\mlagents\\Scripts\\mlagents-learn config/comodo.yaml --run-id=PleaseFINALFINAL6",
        "mlagents_version": "0.23.0",
        "mlagents_envs_version": "0.23.0",
        "communication_protocol_version": "1.3.0",
        "pytorch_version": "1.7.0+cu110",
        "numpy_version": "1.18.5",
        "end_time_seconds": "1611678212"
    },
    "total": 512.270073,
    "count": 1,
    "self": 0.004181600000038088,
    "children": {
        "run_training.setup": {
            "total": 0.006138000000000088,
            "count": 1,
            "self": 0.006138000000000088
        },
        "TrainerController.start_learning": {
            "total": 512.2597534,
            "count": 1,
            "self": 0.6436355999983903,
            "children": {
                "TrainerController._reset_env": {
                    "total": 3.8125239,
                    "count": 1,
                    "self": 3.8125239
                },
                "TrainerController.advance": {
                    "total": 507.7125825000016,
                    "count": 33021,
                    "self": 0.33330099999869844,
                    "children": {
                        "env_step": {
                            "total": 507.3792815000029,
                            "count": 33021,
                            "self": 470.48272469999813,
                            "children": {
                                "SubprocessEnvManager._take_step": {
                                    "total": 36.538510200005135,
                                    "count": 33021,
                                    "self": 1.5167313000024478,
                                    "children": {
                                        "TorchPolicy.evaluate": {
                                            "total": 35.02177890000269,
                                            "count": 32874,
                                            "self": 7.993948300003403,
                                            "children": {
                                                "TorchPolicy.sample_actions": {
                                                    "total": 27.027830599999284,
                                                    "count": 32874,
                                                    "self": 27.027830599999284
                                                }
                                            }
                                        }
                                    }
                                },
                                "workers": {
                                    "total": 0.3580465999996081,
                                    "count": 33020,
                                    "self": 0.0,
                                    "children": {
                                        "worker_root": {
                                            "total": 507.572768400002,
                                            "count": 33020,
                                            "is_parallel": true,
                                            "self": 76.79640859999989,
                                            "children": {
                                                "steps_from_proto": {
                                                    "total": 0.0007671000000000205,
                                                    "count": 1,
                                                    "is_parallel": true,
                                                    "self": 9.789999999965104e-05,
                                                    "children": {
                                                        "_process_vector_observation": {
                                                            "total": 0.0006692000000003695,
                                                            "count": 10,
                                                            "is_parallel": true,
                                                            "self": 0.0006692000000003695
                                                        }
                                                    }
                                                },
                                                "UnityEnvironment.step": {
                                                    "total": 430.7755927000021,
                                                    "count": 33020,
                                                    "is_parallel": true,
                                                    "self": 5.83811099999258,