{
    "name": "root",
    "gauges": {
        "StandardConfig.Policy.Entropy.mean": {
            "value": 0.9514484405517578,
            "min": 0.9514484405517578,
            "max": 2.288330316543579,
            "count": 21
        },
        "StandardConfig.Policy.ExtrinsicValueEstimate.mean": {
            "value": 2.5047523975372314,
            "min": -0.0015554871642962098,
            "max": 2.5047523975372314,
            "count": 21
        },
        "StandardConfig.Policy.CuriosityValueEstimate.mean": {
            "value": 0.49755579233169556,
            "min": 0.018528902903199196,
            "max": 0.6043579578399658,
            "count": 21
        },
        "StandardConfig.Losses.PolicyLoss.mean": {
            "value": 0.06681418858740168,
            "min": 0.06121353245301482,
            "max": 0.07434085394488647,
            "count": 21
        },
        "StandardConfig.Losses.ValueLoss.mean": {
            "value": 0.01695987091322119,
            "min": 0.016638148003645863,
            "max": 0.0661293807439506,
            "count": 21
        },
        "StandardConfig.Policy.LearningRate.mean": {
            "value": 0.00029876860721046435,
            "min": 0.00029876860721046435,
            "max": 0.00029996313601228795,
            "count": 21
        },
        "StandardConfig.Policy.Epsilon.mean": {
            "value": 0.1995895356,
            "min": 0.1995895356,
            "max": 0.19998771199999998,
            "count": 21
        },
        "StandardConfig.Policy.Beta.mean": {
            "value": 0.009958994606439998,
            "min": 0.009958994606439998,
            "max": 0.009998772428800002,
            "count": 21
        },
        "StandardConfig.Losses.CuriosityForwardLoss.mean": {
            "value": 0.1898334197700024,
            "min": 0.17831470693151158,
            "max": 2.138352720687787,
            "count": 21
        },
        "StandardConfig.Losses.CuriosityInverseLoss.mean": {
            "value": 0.34999588690698147,
            "min": 0.34999588690698147,
            "max": 2.0590326990932226,
            "count": 21
        },
        "StandardConfig.Environment.EpisodeLength.mean": {
            "value": 66.99333333333334,
            "min": 66.99333333333334,
            "max": 1034.7272727272727,
            "count": 21
        },
        "StandardConfig.Environment.CumulativeReward.mean": {
            "value": 4.836506146274201,
            "min": -0.8013463074510748,
            "max": 4.836506146274201,
            "count": 21
        },
        "StandardConfig.Policy.ExtrinsicReward.mean": {
            "value": 4.836506146274201,
            "min": -0.8013463074510748,
            "max": 4.836506146274201,
            "count": 21
        },
        "StandardConfig.Policy.CuriosityReward.mean": {
            "value": 0.261527794783246,
            "min": 0.261527794783246,
            "max": 8.021400240560373,
            "count": 21
        },
        "StandardConfig.IsTraining.mean": {
            "value": 1.0,
            "min": 1.0,
            "max": 1.0,
            "count": 21
        }
    },
    "metadata": {
        "timer_format_version": "0.1.0",
        "start_time_seconds": "1611751532",
        "python_version": "3.7.9 (default, Aug 31 2020, 17:10:11) [MSC v.1916 64 bit (AMD64)]",
        "command_line_arguments": "C:\\Users\\PC\\anaconda3\\envs\\mlagents\\Scripts\\mlagents-learn config/comodo.yaml --run-id=DAII23",
        "mlagents_version": "0.23.0",
        "mlagents_envs_version": "0.23.0",
        "communication_protocol_version": "1.3.0",
        "pytorch_version": "1.7.0+cu110",
        "numpy_version": "1.18.5",
        "end_time_seconds": "1611752064"
    },
    "total": 532.3769903,
    "count": 1,
    "self": 0.004789700000060293,
    "children": {
        "run_training.setup": {
            "total": 0.00595559999999995,
            "count": 1,
            "self": 0.00595559999999995
        },
        "TrainerController.start_learning": {
            "total": 532.3662449999999,
            "count": 1,
            "self": 0.31810399999449146,
            "children": {
                "TrainerController._reset_env": {
                    "total": 6.732497,
                    "count": 1,
                    "self": 6.732497
                },
                "TrainerController.advance": {
                    "total": 525.2089169000054,
                    "count": 14762,
                    "self": 0.1637180000054741,
                    "children": {
                        "env_step": {
                            "total": 525.0451989,
                            "count": 14762,
                            "self": 495.32541529999645,
                            "children": {
                                "SubprocessEnvManager._take_step": {
                                    "total": 29.540614199999652,
                                    "count": 14762,
                                    "self": 0.6543139999987702,
                                    "children": {
                                        "TorchPolicy.evaluate": {
                                            "total": 28.886300200000882,
                                            "count": 13201,
                                            "self": 5.564334799999958,
                                            "children": {
                                                "TorchPolicy.sample_actions": {
                                                    "total": 23.321965400000924,
                                                    "count": 13201,
                                                    "self": 23.321965400000924
                                                }
                                            }
                                        }
                                    }
                                },
                                "workers": {
                                    "total": 0.17916940000382198,
                                    "count": 14761,
                                    "self": 0.0,
                                    "children": {
                                        "worker_root": {
                                            "total": 525.1584730999972,
                                            "count": 14761,
                                            "is_parallel": true,
                                            "self": 58.63314009999016,
                                            "children": {
                                                "steps_from_proto": {
                                                    "total": 0.0014331999999992462,
                                                    "count": 1,
                                                    "is_parallel": true,
                                                    "self": 0.00017019999999945412,
                                                    "children": {
                                                        "_process_vector_observation": {
                                                            "total": 0.001262999999999792,
                                                            "count": 6,
                                                            "is_parallel": true,
                                                            "self": 0.001262999999999792
                                                        }
                                                    }
                                                },
                                                "UnityEnvironment.step": {
                                                    "total": 466.52389980000703,
                                                    "count": 14761,
                                                    "is_parallel": true,
                                                    "self": 4.2200946000069735,