{
    "name": "root",
    "gauges": {
        "StandardConfig.Policy.Entropy.mean": {
            "value": 1.4725250005722046,
            "min": 1.4197062253952026,
            "max": 1.4725250005722046,
            "count": 32
        },
        "StandardConfig.Policy.ExtrinsicValueEstimate.mean": {
            "value": -1.2910076379776,
            "min": -1.5713517665863037,
            "max": -0.062418900430202484,
            "count": 32
        },
        "StandardConfig.Policy.CuriosityValueEstimate.mean": {
            "value": 13.358141899108887,
            "min": 0.10539553314447403,
            "max": 13.665038108825684,
            "count": 32
        },
        "StandardConfig.Environment.EpisodeLength.mean": {
            "value": 189.15217391304347,
            "min": 168.98076923076923,
            "max": 4350.2,
            "count": 32
        },
        "StandardConfig.Environment.CumulativeReward.mean": {
            "value": -3.1951087327755014,
            "min": -3.941666739061475,
            "max": -2.3686364144086838,
            "count": 32
        },
        "StandardConfig.Policy.ExtrinsicReward.mean": {
            "value": -3.1951087327755014,
            "min": -3.941666739061475,
            "max": -2.3686364144086838,
            "count": 32
        },
        "StandardConfig.Policy.CuriosityReward.mean": {
            "value": 0.4102567954029402,
            "min": 0.3124309070408344,
            "max": 13.276850204169751,
            "count": 32
        },
        "StandardConfig.Losses.PolicyLoss.mean": {
            "value": 0.003738504516271253,
            "min": 0.0009653876147543391,
            "max": 0.0053578439323852456,
            "count": 32
        },
        "StandardConfig.Losses.ValueLoss.mean": {
            "value": 3.7860951900482176,
            "min": 0.002642351705192899,
            "max": 7.419491481781006,
            "count": 32
        },
        "StandardConfig.Policy.LearningRate.mean": {
            "value": 0.0002981076582307808,
            "min": 0.0002981076582307808,
            "max": 0.000299967786010738,
            "count": 32
        },
        "StandardConfig.Policy.Epsilon.mean": {
            "value": 0.1993692192,
            "min": 0.1993692192,
            "max": 0.19998926200000003,
            "count": 32
        },
        "StandardConfig.Policy.Beta.mean": {
            "value": 0.09936928227808,
            "min": 0.09936928227808,
            "max": 0.0999892630738,
            "count": 32
        },
        "StandardConfig.Losses.CuriosityForwardLoss.mean": {
            "value": 0.11440553466478984,
            "min": 0.08742914348840714,
            "max": 1.0745811412731805,
            "count": 32
        },
        "StandardConfig.Losses.CuriosityInverseLoss.mean": {
            "value": 3.970762427647908,
            "min": 3.6897077242533363,
            "max": 4.580261707305907,
            "count": 32
        },
        "StandardConfig.IsTraining.mean": {
            "value": 1.0,
            "min": 1.0,
            "max": 1.0,
            "count": 32
        }
    },
    "metadata": {
        "timer_format_version": "0.1.0",
        "start_time_seconds": "1611680954",
        "python_version": "3.7.9 (default, Aug 31 2020, 17:10:11) [MSC v.1916 64 bit (AMD64)]",
        "command_line_arguments": "C:\\Users\\PC\\anaconda3\\envs\\mlagents\\Scripts\\mlagents-learn config/comodo.yaml --run-id=PleaseFINALFINAL13",
        "mlagents_version": "0.23.0",
        "mlagents_envs_version": "0.23.0",
        "communication_protocol_version": "1.3.0",
        "pytorch_version": "1.7.0+cu110",
        "numpy_version": "1.18.5",
        "end_time_seconds": "1611681744"
    },
    "total": 790.3783288,
    "count": 1,
    "self": 0.004409399999985908,
    "children": {
        "run_training.setup": {
            "total": 0.006006900000000037,
            "count": 1,
            "self": 0.006006900000000037
        },
        "TrainerController.start_learning": {
            "total": 790.3679125,
            "count": 1,
            "self": 1.0511709999952927,
            "children": {
                "TrainerController._reset_env": {
                    "total": 3.7637708999999995,
                    "count": 1,
                    "self": 3.7637708999999995
                },
                "TrainerController.advance": {
                    "total": 785.4651343000047,
                    "count": 55054,
                    "self": 0.5599817999909646,
                    "children": {
                        "env_step": {
                            "total": 784.9051525000137,
                            "count": 55054,
                            "self": 725.9414241000053,
                            "children": {
                                "SubprocessEnvManager._take_step": {
                                    "total": 58.36930200001092,
                                    "count": 55054,
                                    "self": 2.4639749000180586,
                                    "children": {
                                        "TorchPolicy.evaluate": {
                                            "total": 55.90532709999286,
                                            "count": 54611,
                                            "self": 12.68391489999589,
                                            "children": {
                                                "TorchPolicy.sample_actions": {
                                                    "total": 43.22141219999697,
                                                    "count": 54611,
                                                    "self": 43.22141219999697
                                                }
                                            }
                                        }
                                    }
                                },
                                "workers": {
                                    "total": 0.5944263999975039,
                                    "count": 55053,
                                    "self": 0.0,
                                    "children": {
                                        "worker_root": {
                                            "total": 785.2811775999907,
                                            "count": 55053,
                                            "is_parallel": true,
                                            "self": 125.02803999998582,
                                            "children": {
                                                "steps_from_proto": {
                                                    "total": 0.0008504000000000289,
                                                    "count": 1,
                                                    "is_parallel": true,
                                                    "self": 0.00010870000000018365,
                                                    "children": {
                                                        "_process_vector_observation": {
                                                            "total": 0.0007416999999998453,
                                                            "count": 10,
                                                            "is_parallel": true,
                                                            "self": 0.0007416999999998453
                                                        }
                                                    }
                                                },
                                                "UnityEnvironment.step": {
                                                    "total": 660.2522872000048,
                                                    "count": 55053,
                                                    "is_parallel": true,
                                                    "self": 9.530574900013448,