{
    "name": "root",
    "metadata": {
        "timer_format_version": "0.1.0",
        "start_time_seconds": "1611704296",
        "python_version": "3.7.9 (default, Aug 31 2020, 17:10:11) [MSC v.1916 64 bit (AMD64)]",
        "command_line_arguments": "C:\\Users\\PC\\anaconda3\\envs\\mlagents\\Scripts\\mlagents-learn config/comodo.yaml --run-id=NonCeLaFaccioPiu29",
        "mlagents_version": "0.23.0",
        "mlagents_envs_version": "0.23.0",
        "communication_protocol_version": "1.3.0",
        "pytorch_version": "1.7.0+cu110",
        "numpy_version": "1.18.5",
        "end_time_seconds": "1611704318"
    },
    "total": 22.0015331,
    "count": 1,
    "self": 0.00413029999999992,
    "children": {
        "run_training.setup": {
            "total": 0.005831100000000089,
            "count": 1,
            "self": 0.005831100000000089
        },
        "TrainerController.start_learning": {
            "total": 21.991571699999998,
            "count": 1,
            "self": 0.018253800000007203,
            "children": {
                "TrainerController._reset_env": {
                    "total": 3.5117119,
                    "count": 1,
                    "self": 3.5117119
                },
                "TrainerController.advance": {
                    "total": 18.394274899999996,
                    "count": 1079,
                    "self": 0.009422699999962703,
                    "children": {
                        "env_step": {
                            "total": 18.384852200000033,
                            "count": 1079,
                            "self": 17.22661550000011,
                            "children": {
                                "SubprocessEnvManager._take_step": {
                                    "total": 1.1480270999999735,
                                    "count": 1079,
                                    "self": 0.04496360000000443,
                                    "children": {
                                        "TorchPolicy.evaluate": {
                                            "total": 1.103063499999969,
                                            "count": 1078,
                                            "self": 0.17318699999991605,
                                            "children": {
                                                "TorchPolicy.sample_actions": {
                                                    "total": 0.9298765000000531,
                                                    "count": 1078,
                                                    "self": 0.9298765000000531
                                                }
                                            }
                                        }
                                    }
                                },
                                "workers": {
                                    "total": 0.010209599999947194,
                                    "count": 1078,
                                    "self": 0.0,
                                    "children": {
                                        "worker_root": {
                                            "total": 18.395969199999957,
                                            "count": 1078,
                                            "is_parallel": true,
                                            "self": 2.0579237999999833,
                                            "children": {
                                                "steps_from_proto": {
                                                    "total": 0.0006791000000001546,
                                                    "count": 1,
                                                    "is_parallel": true,
                                                    "self": 8.109999999961204e-05,
                                                    "children": {
                                                        "_process_vector_observation": {
                                                            "total": 0.0005980000000005425,
                                                            "count": 6,
                                                            "is_parallel": true,
                                                            "self": 0.0005980000000005425
                                                        }
                                                    }
                                                },
                                                "UnityEnvironment.step": {
                                                    "total": 16.337366299999974,
                                                    "count": 1078,
                                                    "is_parallel": true,
                                                    "self": 0.1427264999999167,
                                                    "children": {
                                                        "UnityEnvironment._generate_step_input": {
                                                            "total": 0.11264369999997514,
                                                            "count": 1078,
                                                            "is_parallel": true,
                                                            "self": 0.11264369999997514
                                                        },
                                                        "communicator.exchange": {
                                                            "total": 15.435131000000016,
                                                            "count": 1078,
                                                            "is_parallel": true,
                                                            "self": 15.435131000000016
                                                        },
                                                        "steps_from_proto": {
                                                            "total": 0.6468651000000669,
                                                            "count": 1078,
                                                            "is_parallel": true,
                                                            "self": 0.0745996999999976,
                                                            "children": {
                                                                "_process_vector_observation": {
                                                                    "total": 0.5722654000000693,
                                                                    "count": 6468,
                                                                    "is_parallel": true,
                                                                    "self": 0.5722654000000693
                                                                }
                                                            }
                                                        }
                                                    }
                                                }
                                            }
                                        }
                                    }
                                }
                            }
                        }
                    }
                },
                "trainer_threads": {
                    "total": 1.2399999999246347e-05,
                    "count": 1,
                    "self": 1.2399999999246347e-05,
                    "children": {
                        "thread_root": {
                            "total": 0.0,
                            "count": 0,
                            "is_parallel": true,
                            "self": 0.0,
                            "children": {
                                "trainer_advance": {
                                    "total": 18.346736800000095,