{
    "name": "root",
    "metadata": {
        "timer_format_version": "0.1.0",
        "start_time_seconds": "1611608327",
        "python_version": "3.7.9 (default, Aug 31 2020, 17:10:11) [MSC v.1916 64 bit (AMD64)]",
        "command_line_arguments": "C:\\Users\\PC\\anaconda3\\envs\\mlagents\\Scripts\\mlagents-learn config/comodo.yaml --run-id=test2",
        "mlagents_version": "0.23.0",
        "mlagents_envs_version": "0.23.0",
        "communication_protocol_version": "1.3.0",
        "pytorch_version": "1.7.0+cu110",
        "numpy_version": "1.18.5",
        "end_time_seconds": "1611608399"
    },
    "total": 72.07498410000001,
    "count": 1,
    "self": 0.004284799999993538,
    "children": {
        "run_training.setup": {
            "total": 0.006662700000000021,
            "count": 1,
            "self": 0.006662700000000021
        },
        "TrainerController.start_learning": {
            "total": 72.06403660000001,
            "count": 1,
            "self": 0.29731120000006683,
            "children": {
                "TrainerController._reset_env": {
                    "total": 3.5888527999999997,
                    "count": 1,
                    "self": 3.5888527999999997
                },
                "TrainerController.advance": {
                    "total": 68.10886719999995,
                    "count": 17024,
                    "self": 0.151937699999948,
                    "children": {
                        "env_step": {
                            "total": 67.9569295,
                            "count": 17024,
                            "self": 57.36253680000032,
                            "children": {
                                "SubprocessEnvManager._take_step": {
                                    "total": 10.427352700000057,
                                    "count": 17024,
                                    "self": 0.680216200000352,
                                    "children": {
                                        "TorchPolicy.evaluate": {
                                            "total": 9.747136499999705,
                                            "count": 17007,
                                            "self": 2.1693318000001023,
                                            "children": {
                                                "TorchPolicy.sample_actions": {
                                                    "total": 7.577804699999603,
                                                    "count": 17007,
                                                    "self": 7.577804699999603
                                                }
                                            }
                                        }
                                    }
                                },
                                "workers": {
                                    "total": 0.1670399999996226,
                                    "count": 17023,
                                    "self": 0.0,
                                    "children": {
                                        "worker_root": {
                                            "total": 68.06082549999978,
                                            "count": 17023,
                                            "is_parallel": true,
                                            "self": 21.615189599999695,
                                            "children": {
                                                "steps_from_proto": {
                                                    "total": 0.00029749999999983956,
                                                    "count": 1,
                                                    "is_parallel": true,
                                                    "self": 7.529999999933423e-05,
                                                    "children": {
                                                        "_process_vector_observation": {
                                                            "total": 0.00022220000000050533,
                                                            "count": 6,
                                                            "is_parallel": true,
                                                            "self": 0.00022220000000050533
                                                        }
                                                    }
                                                },
                                                "UnityEnvironment.step": {
                                                    "total": 46.44533840000008,
                                                    "count": 17023,
                                                    "is_parallel": true,
                                                    "self": 1.0654809999997426,
                                                    "children": {
                                                        "UnityEnvironment._generate_step_input": {
                                                            "total": 0.9100780000004614,
                                                            "count": 17023,
                                                            "is_parallel": true,
                                                            "self": 0.9100780000004614
                                                        },
                                                        "communicator.exchange": {
                                                            "total": 40.94238280000043,
                                                            "count": 17023,
                                                            "is_parallel": true,
                                                            "self": 40.94238280000043
                                                        },
                                                        "steps_from_proto": {
                                                            "total": 3.5273965999994505,
                                                            "count": 17023,
                                                            "is_parallel": true,
                                                            "self": 1.0622141000003933,
                                                            "children": {
                                                                "_process_vector_observation": {
                                                                    "total": 2.4651824999990573,
                                                                    "count": 102138,
                                                                    "is_parallel": true,
                                                                    "self": 2.4651824999990573
                                                                }
                                                            }
                                                        }
                                                    }
                                                }
                                            }
                                        }
                                    }
                                }
                            }
                        }
                    }
                },
                "trainer_threads": {
                    "total": 2.200000000129876e-05,
                    "count": 1,
                    "self": 2.200000000129876e-05,
                    "children": {
                        "thread_root": {
                            "total": 0.0,
                            "count": 0,
                            "is_parallel": true,
                            "self": 0.0,
                            "children": {
                                "trainer_advance": {
                                    "total": 68.11172739999996,