{
    "name": "root",
    "gauges": {
        "StandardConfig.Policy.Entropy.mean": {
            "value": 1.4439796209335327,
            "min": 1.4196933507919312,
            "max": 1.4439796209335327,
            "count": 13
        },
        "StandardConfig.Policy.ExtrinsicValueEstimate.mean": {
            "value": -0.03171061724424362,
            "min": -10.46682357788086,
            "max": 0.4227675497531891,
            "count": 13
        },
        "StandardConfig.Policy.CuriosityValueEstimate.mean": {
            "value": 15.955670356750488,
            "min": -2.1857051849365234,
            "max": 74.38764190673828,
            "count": 13
        },
        "StandardConfig.Losses.PolicyLoss.mean": {
            "value": 0.0027089452215780813,
            "min": 0.0022503577599612373,
            "max": 0.028670466466185943,
            "count": 13
        },
        "StandardConfig.Losses.ValueLoss.mean": {
            "value": 0.575036633014679,
            "min": 0.575036633014679,
            "max": 88.85538935661316,
            "count": 13
        },
        "StandardConfig.Policy.LearningRate.mean": {
            "value": 0.0002992458170513944,
            "min": 0.0002992458170513944,
            "max": 0.00029996544001151997,
            "count": 13
        },
        "StandardConfig.Policy.Epsilon.mean": {
            "value": 0.19974860560000002,
            "min": 0.19974860560000002,
            "max": 0.19998848,
            "count": 13
        },
        "StandardConfig.Policy.Beta.mean": {
            "value": 0.09974863073944001,
            "min": 0.09974863073944001,
            "max": 0.099988481152,
            "count": 13
        },
        "StandardConfig.Losses.CuriosityForwardLoss.mean": {
            "value": 6.285868851343791,
            "min": 5.726385704676311,
            "max": 11906.166951497396,
            "count": 13
        },
        "StandardConfig.Losses.CuriosityInverseLoss.mean": {
            "value": 4.505202070871989,
            "min": 4.310046553611755,
            "max": 233.59502808252972,
            "count": 13
        },
        "StandardConfig.IsTraining.mean": {
            "value": 1.0,
            "min": 1.0,
            "max": 1.0,
            "count": 13
        },
        "StandardConfig.Environment.EpisodeLength.mean": {
            "value": 1872.4285714285713,
            "min": 590.0,
            "max": 3484.4285714285716,
            "count": 11
        },
        "StandardConfig.Environment.CumulativeReward.mean": {
            "value": -1.5201584116356182,
            "min": -3.0334193679903234,
            "max": -1.1247948184609413,
            "count": 11
        },
        "StandardConfig.Policy.ExtrinsicReward.mean": {
            "value": -1.5201584116356182,
            "min": -3.0334193679903234,
            "max": -1.1247948184609413,
            "count": 11
        },
        "StandardConfig.Policy.CuriosityReward.mean": {
            "value": 320.6108086449759,
            "min": 246.17849797010422,
            "max": 3112.6392918692104,
            "count": 11
        }
    },
    "metadata": {
        "timer_format_version": "0.1.0",
        "start_time_seconds": "1611677315",
        "python_version": "3.7.9 (default, Aug 31 2020, 17:10:11) [MSC v.1916 64 bit (AMD64)]",
        "command_line_arguments": "C:\\Users\\PC\\anaconda3\\envs\\mlagents\\Scripts\\mlagents-learn config/comodo.yaml --run-id=PleaseFINALFINAL5",
        "mlagents_version": "0.23.0",
        "mlagents_envs_version": "0.23.0",
        "communication_protocol_version": "1.3.0",
        "pytorch_version": "1.7.0+cu110",
        "numpy_version": "1.18.5",
        "end_time_seconds": "1611677665"
    },
    "total": 349.41111459999996,
    "count": 1,
    "self": 0.004702399999928275,
    "children": {
        "run_training.setup": {
            "total": 0.006330600000000075,
            "count": 1,
            "self": 0.006330600000000075
        },
        "TrainerController.start_learning": {
            "total": 349.4000816,
            "count": 1,
            "self": 0.4296704999977692,
            "children": {
                "TrainerController._reset_env": {
                    "total": 4.0791787,
                    "count": 1,
                    "self": 4.0791787
                },
                "TrainerController.advance": {
                    "total": 344.81275760000227,
                    "count": 23328,
                    "self": 0.22141019999975242,
                    "children": {
                        "env_step": {
                            "total": 344.5913474000025,
                            "count": 23328,
                            "self": 322.47625260000734,
                            "children": {
                                "SubprocessEnvManager._take_step": {
                                    "total": 21.873920699996273,
                                    "count": 23328,
                                    "self": 1.01601259999806,
                                    "children": {
                                        "TorchPolicy.evaluate": {
                                            "total": 20.857908099998212,
                                            "count": 23261,
                                            "self": 5.329148799993799,
                                            "children": {
                                                "TorchPolicy.sample_actions": {
                                                    "total": 15.528759300004413,
                                                    "count": 23261,
                                                    "self": 15.528759300004413
                                                }
                                            }
                                        }
                                    }
                                },
                                "workers": {
                                    "total": 0.2411740999988865,
                                    "count": 23327,
                                    "self": 0.0,
                                    "children": {
                                        "worker_root": {
                                            "total": 344.744804500002,
                                            "count": 23327,
                                            "is_parallel": true,
                                            "self": 49.10899420000317,
                                            "children": {
                                                "steps_from_proto": {
                                                    "total": 0.0007900000000002905,
                                                    "count": 1,
                                                    "is_parallel": true,
                                                    "self": 9.950000000014114e-05,
                                                    "children": {
                                                        "_process_vector_observation": {
                                                            "total": 0.0006905000000001493,
                                                            "count": 10,
                                                            "is_parallel": true,
                                                            "self": 0.0006905000000001493
                                                        }
                                                    }
                                                },
                                                "UnityEnvironment.step": {
                                                    "total": 295.6350202999988,
                                                    "count": 23327,
                                                    "is_parallel": true,
                                                    "self": 3.8992155999982856,