{
    "name": "root",
    "gauges": {
        "StandardConfig.Policy.Entropy.mean": {
            "value": 1.4366886615753174,
            "min": 1.4194607734680176,
            "max": 1.4366886615753174,
            "count": 12
        },
        "StandardConfig.Policy.ExtrinsicValueEstimate.mean": {
            "value": -0.044864267110824585,
            "min": -0.22329670190811157,
            "max": -0.044864267110824585,
            "count": 12
        },
        "StandardConfig.Policy.CuriosityValueEstimate.mean": {
            "value": 0.22510041296482086,
            "min": 0.044776491820812225,
            "max": 1.0618207454681396,
            "count": 12
        },
        "StandardConfig.Losses.PolicyLoss.mean": {
            "value": 0.0035893809011516473,
            "min": 0.0031212616789465146,
            "max": 0.013318682855848845,
            "count": 12
        },
        "StandardConfig.Losses.ValueLoss.mean": {
            "value": 0.0005631254947123427,
            "min": 0.0005631254947123427,
            "max": 0.029529036274955917,
            "count": 12
        },
        "StandardConfig.Policy.LearningRate.mean": {
            "value": 0.00029930592023136,
            "min": 0.00029930592023136,
            "max": 0.00029996313601228795,
            "count": 12
        },
        "StandardConfig.Policy.Epsilon.mean": {
            "value": 0.19976864000000003,
            "min": 0.19976864000000003,
            "max": 0.199987712,
            "count": 12
        },
        "StandardConfig.Policy.Beta.mean": {
            "value": 0.099768663136,
            "min": 0.099768663136,
            "max": 0.09998771322880001,
            "count": 12
        },
        "StandardConfig.Losses.CuriosityForwardLoss.mean": {
            "value": 0.09895973155895868,
            "min": 0.09895973155895868,
            "max": 1.562034954627355,
            "count": 12
        },
        "StandardConfig.Losses.CuriosityInverseLoss.mean": {
            "value": 4.325406392415364,
            "min": 3.9849149253633285,
            "max": 4.325406392415364,
            "count": 12
        },
        "StandardConfig.IsTraining.mean": {
            "value": 1.0,
            "min": 1.0,
            "max": 1.0,
            "count": 12
        },
        "StandardConfig.Environment.EpisodeLength.mean": {
            "value": 5410.0,
            "min": 4166.0,
            "max": 5410.0,
            "count": 2
        },
        "StandardConfig.Environment.CumulativeReward.mean": {
            "value": -4.691605001746211,
            "min": -4.9500006138696335,
            "max": -4.691605001746211,
            "count": 2
        },
        "StandardConfig.Policy.ExtrinsicReward.mean": {
            "value": -4.691605001746211,
            "min": -4.9500006138696335,
            "max": -4.691605001746211,
            "count": 2
        },
        "StandardConfig.Policy.CuriosityReward.mean": {
            "value": 39.97011524438858,
            "min": 35.17673193415006,
            "max": 39.97011524438858,
            "count": 2
        }
    },
    "metadata": {
        "timer_format_version": "0.1.0",
        "start_time_seconds": "1611693368",
        "python_version": "3.7.9 (default, Aug 31 2020, 17:10:11) [MSC v.1916 64 bit (AMD64)]",
        "command_line_arguments": "C:\\Users\\PC\\anaconda3\\envs\\mlagents\\Scripts\\mlagents-learn config/comodo.yaml --run-id=NonCeLaFaccioPiu9",
        "mlagents_version": "0.23.0",
        "mlagents_envs_version": "0.23.0",
        "communication_protocol_version": "1.3.0",
        "pytorch_version": "1.7.0+cu110",
        "numpy_version": "1.18.5",
        "end_time_seconds": "1611693446"
    },
    "total": 78.0526356,
    "count": 1,
    "self": 0.004801800000009848,
    "children": {
        "run_training.setup": {
            "total": 0.006096099999999938,
            "count": 1,
            "self": 0.006096099999999938
        },
        "TrainerController.start_learning": {
            "total": 78.0417377,
            "count": 1,
            "self": 0.5911134999998637,
            "children": {
                "TrainerController._reset_env": {
                    "total": 4.430389099999999,
                    "count": 1,
                    "self": 4.430389099999999
                },
                "TrainerController.advance": {
                    "total": 72.94284690000015,
                    "count": 7658,
                    "self": 0.07931400000043709,
                    "children": {
                        "env_step": {
                            "total": 72.86353289999971,
                            "count": 7658,
                            "self": 56.030903100000856,
                            "children": {
                                "SubprocessEnvManager._take_step": {
                                    "total": 16.744896299999706,
                                    "count": 7658,
                                    "self": 0.4103657000000105,
                                    "children": {
                                        "TorchPolicy.evaluate": {
                                            "total": 16.334530599999695,
                                            "count": 7656,
                                            "self": 2.3137349999998946,
                                            "children": {
                                                "TorchPolicy.sample_actions": {
                                                    "total": 14.0207955999998,
                                                    "count": 7656,
                                                    "self": 14.0207955999998
                                                }
                                            }
                                        }
                                    }
                                },
                                "workers": {
                                    "total": 0.08773349999915325,
                                    "count": 7657,
                                    "self": 0.0,
                                    "children": {
                                        "worker_root": {
                                            "total": 72.94600360000011,
                                            "count": 7657,
                                            "is_parallel": true,
                                            "self": 30.35699530000037,
                                            "children": {
                                                "steps_from_proto": {
                                                    "total": 0.000717899999999716,
                                                    "count": 1,
                                                    "is_parallel": true,
                                                    "self": 7.979999999907506e-05,
                                                    "children": {
                                                        "_process_vector_observation": {
                                                            "total": 0.0006381000000006409,
                                                            "count": 4,
                                                            "is_parallel": true,
                                                            "self": 0.0006381000000006409
                                                        }
                                                    }
                                                },
                                                "UnityEnvironment.step": {
                                                    "total": 42.58829039999974,
                                                    "count": 7657,
                                                    "is_parallel": true,
                                                    "self": 1.4340837999994989,