{
    "name": "root",
    "gauges": {
        "StandardConfig.Policy.Entropy.mean": {
            "value": 1.4419409036636353,
            "min": 1.4194271564483643,
            "max": 1.4419409036636353,
            "count": 17
        },
        "StandardConfig.Policy.ExtrinsicValueEstimate.mean": {
            "value": -0.02019772306084633,
            "min": -0.1324790120124817,
            "max": -0.009475534781813622,
            "count": 17
        },
        "StandardConfig.Policy.CuriosityValueEstimate.mean": {
            "value": 0.37507957220077515,
            "min": 0.01213137898594141,
            "max": 0.6397371888160706,
            "count": 17
        },
        "StandardConfig.Losses.PolicyLoss.mean": {
            "value": 0.003932482337889572,
            "min": 0.0024930206127464767,
            "max": 0.01467427462598102,
            "count": 17
        },
        "StandardConfig.Losses.ValueLoss.mean": {
            "value": 0.005041160921488578,
            "min": 0.0004378206342355245,
            "max": 0.03832258768306929,
            "count": 17
        },
        "StandardConfig.Policy.LearningRate.mean": {
            "value": 0.00029901126032958,
            "min": 0.00029901126032958,
            "max": 0.00029996313601228795,
            "count": 17
        },
        "StandardConfig.Policy.Epsilon.mean": {
            "value": 0.19967042000000002,
            "min": 0.19967042000000002,
            "max": 0.19998771199999998,
            "count": 17
        },
        "StandardConfig.Policy.Beta.mean": {
            "value": 0.099670452958,
            "min": 0.099670452958,
            "max": 0.0999877132288,
            "count": 17
        },
        "StandardConfig.Losses.CuriosityForwardLoss.mean": {
            "value": 0.1580709179242452,
            "min": 0.1310826258526908,
            "max": 1.198965695169237,
            "count": 17
        },
        "StandardConfig.Losses.CuriosityInverseLoss.mean": {
            "value": 4.507965437571207,
            "min": 3.5220416386922198,
            "max": 4.705606619517009,
            "count": 17
        },
        "StandardConfig.IsTraining.mean": {
            "value": 1.0,
            "min": 1.0,
            "max": 1.0,
            "count": 17
        },
        "StandardConfig.Environment.EpisodeLength.mean": {
            "value": 3524.3333333333335,
            "min": 3000.0,
            "max": 5948.0,
            "count": 8
        },
        "StandardConfig.Environment.CumulativeReward.mean": {
            "value": -1.75,
            "min": -2.0,
            "max": -1.5,
            "count": 8
        },
        "StandardConfig.Policy.ExtrinsicReward.mean": {
            "value": -1.75,
            "min": -2.0,
            "max": -1.5,
            "count": 8
        },
        "StandardConfig.Policy.CuriosityReward.mean": {
            "value": 13.838171911115447,
            "min": 13.838171911115447,
            "max": 30.645718831568956,
            "count": 8
        }
    },
    "metadata": {
        "timer_format_version": "0.1.0",
        "start_time_seconds": "1611682230",
        "python_version": "3.7.9 (default, Aug 31 2020, 17:10:11) [MSC v.1916 64 bit (AMD64)]",
        "command_line_arguments": "C:\\Users\\PC\\anaconda3\\envs\\mlagents\\Scripts\\mlagents-learn config/comodo.yaml --run-id=PleaseFINALFINAL16",
        "mlagents_version": "0.23.0",
        "mlagents_envs_version": "0.23.0",
        "communication_protocol_version": "1.3.0",
        "pytorch_version": "1.7.0+cu110",
        "numpy_version": "1.18.5",
        "end_time_seconds": "1611682473"
    },
    "total": 242.9103161,
    "count": 1,
    "self": 0.00445809999996527,
    "children": {
        "run_training.setup": {
            "total": 0.006096099999999938,
            "count": 1,
            "self": 0.006096099999999938
        },
        "TrainerController.start_learning": {
            "total": 242.89976190000002,
            "count": 1,
            "self": 0.2815986999995346,
            "children": {
                "TrainerController._reset_env": {
                    "total": 3.9825620000000006,
                    "count": 1,
                    "self": 3.9825620000000006
                },
                "TrainerController.advance": {
                    "total": 238.54025460000048,
                    "count": 14336,
                    "self": 0.1440387000030512,
                    "children": {
                        "env_step": {
                            "total": 238.39621589999743,
                            "count": 14336,
                            "self": 216.8177015999994,
                            "children": {
                                "SubprocessEnvManager._take_step": {
                                    "total": 21.41667759999835,
                                    "count": 14336,
                                    "self": 0.7219721999988309,
                                    "children": {
                                        "TorchPolicy.evaluate": {
                                            "total": 20.69470539999952,
                                            "count": 14314,
                                            "self": 4.6081741000002445,
                                            "children": {
                                                "TorchPolicy.sample_actions": {
                                                    "total": 16.086531299999276,
                                                    "count": 14314,
                                                    "self": 16.086531299999276
                                                }
                                            }
                                        }
                                    }
                                },
                                "workers": {
                                    "total": 0.1618366999996823,
                                    "count": 14335,
                                    "self": 0.0,
                                    "children": {
                                        "worker_root": {
                                            "total": 238.51779309999918,
                                            "count": 14335,
                                            "is_parallel": true,
                                            "self": 44.39300719999906,
                                            "children": {
                                                "steps_from_proto": {
                                                    "total": 0.0008402000000002907,
                                                    "count": 1,
                                                    "is_parallel": true,
                                                    "self": 9.680000000011901e-05,
                                                    "children": {
                                                        "_process_vector_observation": {
                                                            "total": 0.0007434000000001717,
                                                            "count": 6,
                                                            "is_parallel": true,
                                                            "self": 0.0007434000000001717
                                                        }
                                                    }
                                                },
                                                "UnityEnvironment.step": {
                                                    "total": 194.12394570000012,
                                                    "count": 14335,
                                                    "is_parallel": true,
                                                    "self": 2.74912350000173,