{
    "name": "root",
    "metadata": {
        "timer_format_version": "0.1.0",
        "start_time_seconds": "1611678411",
        "python_version": "3.7.9 (default, Aug 31 2020, 17:10:11) [MSC v.1916 64 bit (AMD64)]",
        "command_line_arguments": "C:\\Users\\PC\\anaconda3\\envs\\mlagents\\Scripts\\mlagents-learn config/comodo.yaml --run-id=PleaseFINALFINAL8",
        "mlagents_version": "0.23.0",
        "mlagents_envs_version": "0.23.0",
        "communication_protocol_version": "1.3.0",
        "pytorch_version": "1.7.0+cu110",
        "numpy_version": "1.18.5",
        "end_time_seconds": "1611678442"
    },
    "total": 31.1193281,
    "count": 1,
    "self": 0.004201100000003066,
    "children": {
        "run_training.setup": {
            "total": 0.006549600000000044,
            "count": 1,
            "self": 0.006549600000000044
        },
        "TrainerController.start_learning": {
            "total": 31.108577399999998,
            "count": 1,
            "self": 0.19752810000003151,
            "children": {
                "TrainerController._reset_env": {
                    "total": 13.0471805,
                    "count": 1,
                    "self": 13.0471805
                },
                "TrainerController.advance": {
                    "total": 17.781463499999965,
                    "count": 1584,
                    "self": 0.01406799999998043,
                    "children": {
                        "env_step": {
                            "total": 17.767395499999985,
                            "count": 1584,
                            "self": 15.97684900000004,
                            "children": {
                                "SubprocessEnvManager._take_step": {
                                    "total": 1.7749773999999974,
                                    "count": 1584,
                                    "self": 0.06594649999994395,
                                    "children": {
                                        "TorchPolicy.evaluate": {
                                            "total": 1.7090309000000534,
                                            "count": 1584,
                                            "self": 0.36129560000001426,
                                            "children": {
                                                "TorchPolicy.sample_actions": {
                                                    "total": 1.3477353000000392,
                                                    "count": 1584,
                                                    "self": 1.3477353000000392
                                                }
                                            }
                                        }
                                    }
                                },
                                "workers": {
                                    "total": 0.015569099999947156,
                                    "count": 1583,
                                    "self": 0.0,
                                    "children": {
                                        "worker_root": {
                                            "total": 17.774472500000126,
                                            "count": 1583,
                                            "is_parallel": true,
                                            "self": 3.677931100000219,
                                            "children": {
                                                "steps_from_proto": {
                                                    "total": 0.0008073999999993475,
                                                    "count": 1,
                                                    "is_parallel": true,
                                                    "self": 0.00010490000000373811,
                                                    "children": {
                                                        "_process_vector_observation": {
                                                            "total": 0.0007024999999956094,
                                                            "count": 10,
                                                            "is_parallel": true,
                                                            "self": 0.0007024999999956094
                                                        }
                                                    }
                                                },
                                                "UnityEnvironment.step": {
                                                    "total": 14.095733999999908,
                                                    "count": 1583,
                                                    "is_parallel": true,
                                                    "self": 0.2651726000000103,
                                                    "children": {
                                                        "UnityEnvironment._generate_step_input": {
                                                            "total": 0.17405430000005673,
                                                            "count": 1583,
                                                            "is_parallel": true,
                                                            "self": 0.17405430000005673
                                                        },
                                                        "communicator.exchange": {
                                                            "total": 12.50460619999998,
                                                            "count": 1583,
                                                            "is_parallel": true,
                                                            "self": 12.50460619999998
                                                        },
                                                        "steps_from_proto": {
                                                            "total": 1.1519008999998608,
                                                            "count": 1583,
                                                            "is_parallel": true,
                                                            "self": 0.14037039999993262,
                                                            "children": {
                                                                "_process_vector_observation": {
                                                                    "total": 1.0115304999999282,
                                                                    "count": 15830,
                                                                    "is_parallel": true,
                                                                    "self": 1.0115304999999282
                                                                }
                                                            }
                                                        }
                                                    }
                                                }
                                            }
                                        }
                                    }
                                }
                            }
                        }
                    }
                },
                "trainer_threads": {
                    "total": 1.6200000001020953e-05,
                    "count": 1,
                    "self": 1.6200000001020953e-05,
                    "children": {
                        "thread_root": {
                            "total": 0.0,
                            "count": 0,
                            "is_parallel": true,
                            "self": 0.0,
                            "children": {
                                "trainer_advance": {
                                    "total": 17.925574299999944,