{
    "name": "root",
    "metadata": {
        "timer_format_version": "0.1.0",
        "start_time_seconds": "1611608197",
        "python_version": "3.7.9 (default, Aug 31 2020, 17:10:11) [MSC v.1916 64 bit (AMD64)]",
        "command_line_arguments": "C:\\Users\\PC\\anaconda3\\envs\\mlagents\\Scripts\\mlagents-learn config/comodo.yaml --run-id=test1",
        "mlagents_version": "0.23.0",
        "mlagents_envs_version": "0.23.0",
        "communication_protocol_version": "1.3.0",
        "pytorch_version": "1.7.0+cu110",
        "numpy_version": "1.18.5",
        "end_time_seconds": "1611608257"
    },
    "total": 59.471195699999996,
    "count": 1,
    "self": 0.0049814999999924225,
    "children": {
        "run_training.setup": {
            "total": 0.00666599999999995,
            "count": 1,
            "self": 0.00666599999999995
        },
        "TrainerController.start_learning": {
            "total": 59.4595482,
            "count": 1,
            "self": 0.2329827000001572,
            "children": {
                "TrainerController._reset_env": {
                    "total": 3.2498312,
                    "count": 1,
                    "self": 3.2498312
                },
                "TrainerController.advance": {
                    "total": 55.903727299999844,
                    "count": 13495,
                    "self": 0.12102609999993774,
                    "children": {
                        "env_step": {
                            "total": 55.782701199999906,
                            "count": 13495,
                            "self": 47.40272789999991,
                            "children": {
                                "SubprocessEnvManager._take_step": {
                                    "total": 8.24892009999985,
                                    "count": 13495,
                                    "self": 0.5275289999998298,
                                    "children": {
                                        "TorchPolicy.evaluate": {
                                            "total": 7.72139110000002,
                                            "count": 13457,
                                            "self": 1.7883704000001037,
                                            "children": {
                                                "TorchPolicy.sample_actions": {
                                                    "total": 5.933020699999917,
                                                    "count": 13457,
                                                    "self": 5.933020699999917
                                                }
                                            }
                                        }
                                    }
                                },
                                "workers": {
                                    "total": 0.13105320000014586,
                                    "count": 13494,
                                    "self": 0.0,
                                    "children": {
                                        "worker_root": {
                                            "total": 55.864984599999865,
                                            "count": 13494,
                                            "is_parallel": true,
                                            "self": 17.119693699999964,
                                            "children": {
                                                "steps_from_proto": {
                                                    "total": 0.000318400000000274,
                                                    "count": 1,
                                                    "is_parallel": true,
                                                    "self": 7.67999999995439e-05,
                                                    "children": {
                                                        "_process_vector_observation": {
                                                            "total": 0.00024160000000073012,
                                                            "count": 6,
                                                            "is_parallel": true,
                                                            "self": 0.00024160000000073012
                                                        }
                                                    }
                                                },
                                                "UnityEnvironment.step": {
                                                    "total": 38.7449724999999,
                                                    "count": 13494,
                                                    "is_parallel": true,
                                                    "self": 0.8752616000005418,
                                                    "children": {
                                                        "UnityEnvironment._generate_step_input": {
                                                            "total": 0.6161929999997238,
                                                            "count": 13494,
                                                            "is_parallel": true,
                                                            "self": 0.6161929999997238
                                                        },
                                                        "communicator.exchange": {
                                                            "total": 34.387345499999654,
                                                            "count": 13494,
                                                            "is_parallel": true,
                                                            "self": 34.387345499999654
                                                        },
                                                        "steps_from_proto": {
                                                            "total": 2.8661723999999857,
                                                            "count": 13494,
                                                            "is_parallel": true,
                                                            "self": 0.8710232000001477,
                                                            "children": {
                                                                "_process_vector_observation": {
                                                                    "total": 1.995149199999838,
                                                                    "count": 80964,
                                                                    "is_parallel": true,
                                                                    "self": 1.995149199999838
                                                                }
                                                            }
                                                        }
                                                    }
                                                }
                                            }
                                        }
                                    }
                                }
                            }
                        }
                    }
                },
                "trainer_threads": {
                    "total": 2.179999999896154e-05,
                    "count": 1,
                    "self": 2.179999999896154e-05,
                    "children": {
                        "thread_root": {
                            "total": 0.0,
                            "count": 0,
                            "is_parallel": true,
                            "self": 0.0,
                            "children": {
                                "trainer_advance": {
                                    "total": 55.876340099999624,