{
    "name": "root",
    "gauges": {
        "StandardConfig.Policy.Entropy.mean": {
            "value": 1.4189382791519165,
            "min": 1.4189382791519165,
            "max": 1.418938398361206,
            "count": 12
        },
        "StandardConfig.Policy.ExtrinsicValueEstimate.mean": {
            "value": -0.011138330213725567,
            "min": -0.022625844925642014,
            "max": -0.0081004798412323,
            "count": 12
        },
        "StandardConfig.Policy.CuriosityValueEstimate.mean": {
            "value": -0.005238205660134554,
            "min": -0.02824893593788147,
            "max": 0.02146088145673275,
            "count": 12
        },
        "StandardConfig.IsTraining.mean": {
            "value": 1.0,
            "min": 1.0,
            "max": 1.0,
            "count": 12
        },
        "StandardConfig.Environment.EpisodeLength.mean": {
            "value": 3723.8,
            "min": 3333.0,
            "max": 3764.3333333333335,
            "count": 6
        },
        "StandardConfig.Environment.CumulativeReward.mean": {
            "value": -4.887244772911072,
            "min": -4.900150823096435,
            "max": -4.358330681920052,
            "count": 8
        },
        "StandardConfig.Policy.ExtrinsicReward.mean": {
            "value": -4.887244772911072,
            "min": -4.900150823096435,
            "max": -4.358330681920052,
            "count": 8
        },
        "StandardConfig.Policy.CuriosityReward.mean": {
            "value": 0.0,
            "min": 0.0,
            "max": 0.0,
            "count": 8
        }
    },
    "metadata": {
        "timer_format_version": "0.1.0",
        "start_time_seconds": "1611741310",
        "python_version": "3.7.9 (default, Aug 31 2020, 17:10:11) [MSC v.1916 64 bit (AMD64)]",
        "command_line_arguments": "C:\\Users\\PC\\anaconda3\\envs\\mlagents\\Scripts\\mlagents-learn config/comodo.yaml --run-id=DAIII4",
        "mlagents_version": "0.23.0",
        "mlagents_envs_version": "0.23.0",
        "communication_protocol_version": "1.3.0",
        "pytorch_version": "1.7.0+cu110",
        "numpy_version": "1.18.5",
        "end_time_seconds": "1611741645"
    },
    "total": 335.0290832,
    "count": 1,
    "self": 0.004459600000018327,
    "children": {
        "run_training.setup": {
            "total": 0.006064500000000028,
            "count": 1,
            "self": 0.006064500000000028
        },
        "TrainerController.start_learning": {
            "total": 335.0185591,
            "count": 1,
            "self": 0.354817200000241,
            "children": {
                "TrainerController._reset_env": {
                    "total": 3.2308793000000002,
                    "count": 1,
                    "self": 3.2308793000000002
                },
                "TrainerController.advance": {
                    "total": 331.3662712999997,
                    "count": 20952,
                    "self": 0.18704929999989872,
                    "children": {
                        "env_step": {
                            "total": 331.1792219999998,
                            "count": 20952,
                            "self": 307.1459154999976,
                            "children": {
                                "SubprocessEnvManager._take_step": {
                                    "total": 23.830730300002323,
                                    "count": 20952,
                                    "self": 0.8722993000034052,
                                    "children": {
                                        "TorchPolicy.evaluate": {
                                            "total": 22.958430999998917,
                                            "count": 20945,
                                            "self": 3.354615699997659,
                                            "children": {
                                                "TorchPolicy.sample_actions": {
                                                    "total": 19.60381530000126,
                                                    "count": 20945,
                                                    "self": 19.60381530000126
                                                }
                                            }
                                        }
                                    }
                                },
                                "workers": {
                                    "total": 0.20257619999985454,
                                    "count": 20951,
                                    "self": 0.0,
                                    "children": {
                                        "worker_root": {
                                            "total": 331.3207458000018,
                                            "count": 20951,
                                            "is_parallel": true,
                                            "self": 42.477994800000715,
                                            "children": {
                                                "steps_from_proto": {
                                                    "total": 0.0006273999999999447,
                                                    "count": 1,
                                                    "is_parallel": true,
                                                    "self": 8.08000000005471e-05,
                                                    "children": {
                                                        "_process_vector_observation": {
                                                            "total": 0.0005465999999993976,
                                                            "count": 6,
                                                            "is_parallel": true,
                                                            "self": 0.0005465999999993976
                                                        }
                                                    }
                                                },
                                                "UnityEnvironment.step": {
                                                    "total": 288.8421236000011,
                                                    "count": 20951,
                                                    "is_parallel": true,
                                                    "self": 2.785785700003373,
                                                    "children": {
                                                        "UnityEnvironment._generate_step_input": {
                                                            "total": 2.199139099997524,
                                                            "count": 20951,
                                                            "is_parallel": true,
                                                            "self": 2.199139099997524
                                                        },
                                                        "communicator.exchange": {
                                                            "total": 271.68554730000176,
                                                            "count": 20951,
                                                            "is_parallel": true,
                                                            "self": 271.68554730000176
                                                        },
                                                        "steps_from_proto": {
                                                            "total": 12.171651499998472,
                                                            "count": 20951,
                                                            "is_parallel": true,
                                                            "self": 1.4864379999900752,