{
    "name": "root",
    "gauges": {
        "StandardConfig.Policy.Entropy.mean": {
            "value": 1.427390456199646,
            "min": 1.4194419384002686,
            "max": 1.427390456199646,
            "count": 5
        },
        "StandardConfig.Policy.ExtrinsicValueEstimate.mean": {
            "value": -0.09263251721858978,
            "min": -0.10202015191316605,
            "max": -0.04409850388765335,
            "count": 5
        },
        "StandardConfig.Policy.CuriosityValueEstimate.mean": {
            "value": 0.8895111083984375,
            "min": -0.017586376518011093,
            "max": 1.1664658784866333,
            "count": 5
        },
        "StandardConfig.Losses.PolicyLoss.mean": {
            "value": 0.012867080212648338,
            "min": 0.010198511040976478,
            "max": 0.02047414775006473,
            "count": 5
        },
        "StandardConfig.Losses.ValueLoss.mean": {
            "value": 0.0017518192439133094,
            "min": 0.0017518192439133094,
            "max": 0.04672724260793378,
            "count": 5
        },
        "StandardConfig.Policy.LearningRate.mean": {
            "value": 0.000299729664090112,
            "min": 0.000299729664090112,
            "max": 0.00029996313601228795,
            "count": 5
        },
        "StandardConfig.Policy.Epsilon.mean": {
            "value": 0.19990988799999998,
            "min": 0.19990988799999998,
            "max": 0.199987712,
            "count": 5
        },
        "StandardConfig.Policy.Beta.mean": {
            "value": 0.09990989701120001,
            "min": 0.09990989701120001,
            "max": 0.09998771322880001,
            "count": 5
        },
        "StandardConfig.Losses.CuriosityForwardLoss.mean": {
            "value": 0.2883090029160182,
            "min": 0.2883090029160182,
            "max": 1.7619865536689758,
            "count": 5
        },
        "StandardConfig.Losses.CuriosityInverseLoss.mean": {
            "value": 4.112109263737996,
            "min": 4.060284694035848,
            "max": 4.112109263737996,
            "count": 5
        },
        "StandardConfig.IsTraining.mean": {
            "value": 1.0,
            "min": 1.0,
            "max": 1.0,
            "count": 5
        }
    },
    "metadata": {
        "timer_format_version": "0.1.0",
        "start_time_seconds": "1611693786",
        "python_version": "3.7.9 (default, Aug 31 2020, 17:10:11) [MSC v.1916 64 bit (AMD64)]",
        "command_line_arguments": "C:\\Users\\PC\\anaconda3\\envs\\mlagents\\Scripts\\mlagents-learn config/comodo.yaml --run-id=NonCeLaFaccioPiu12",
        "mlagents_version": "0.23.0",
        "mlagents_envs_version": "0.23.0",
        "communication_protocol_version": "1.3.0",
        "pytorch_version": "1.7.0+cu110",
        "numpy_version": "1.18.5",
        "end_time_seconds": "1611693826"
    },
    "total": 39.9092239,
    "count": 1,
    "self": 0.004042200000007767,
    "children": {
        "run_training.setup": {
            "total": 0.006484399999999946,
            "count": 1,
            "self": 0.006484399999999946
        },
        "TrainerController.start_learning": {
            "total": 39.898697299999995,
            "count": 1,
            "self": 0.889060999999991,
            "children": {
                "TrainerController._reset_env": {
                    "total": 3.1484134,
                    "count": 1,
                    "self": 3.1484134
                },
                "TrainerController.advance": {
                    "total": 35.7721767,
                    "count": 3601,
                    "self": 0.03966969999999037,
                    "children": {
                        "env_step": {
                            "total": 35.73250700000001,
                            "count": 3601,
                            "self": 26.894860299999685,
                            "children": {
                                "SubprocessEnvManager._take_step": {
                                    "total": 8.794601100000264,
                                    "count": 3601,
                                    "self": 0.20452130000022883,
                                    "children": {
                                        "TorchPolicy.evaluate": {
                                            "total": 8.590079800000035,
                                            "count": 3601,
                                            "self": 1.0439245999999311,
                                            "children": {
                                                "TorchPolicy.sample_actions": {
                                                    "total": 7.546155200000104,
                                                    "count": 3601,
                                                    "self": 7.546155200000104
                                                }
                                            }
                                        }
                                    }
                                },
                                "workers": {
                                    "total": 0.04304560000006541,
                                    "count": 3600,
                                    "self": 0.0,
                                    "children": {
                                        "worker_root": {
                                            "total": 35.64179329999991,
                                            "count": 3600,
                                            "is_parallel": true,
                                            "self": 14.598080899999886,
                                            "children": {
                                                "steps_from_proto": {
                                                    "total": 0.0006717000000002749,
                                                    "count": 1,
                                                    "is_parallel": true,
                                                    "self": 8.670000000066125e-05,
                                                    "children": {
                                                        "_process_vector_observation": {
                                                            "total": 0.0005849999999996136,
                                                            "count": 4,
                                                            "is_parallel": true,
                                                            "self": 0.0005849999999996136
                                                        }
                                                    }
                                                },
                                                "UnityEnvironment.step": {
                                                    "total": 21.043040700000024,
                                                    "count": 3600,
                                                    "is_parallel": true,
                                                    "self": 0.6581708000002067,
                                                    "children": {
                                                        "UnityEnvironment._generate_step_input": {
                                                            "total": 0.9412832999998568,
                                                            "count": 3600,
                                                            "is_parallel": true,
                                                            "self": 0.9412832999998568
                                                        },
                                                        "communicator.exchange": {
                                                            "total": 16.91499780000003,
                                                            "count": 3600,