{
    "name": "root",
    "metadata": {
        "timer_format_version": "0.1.0",
        "start_time_seconds": "1611616403",
        "python_version": "3.7.9 (default, Aug 31 2020, 17:10:11) [MSC v.1916 64 bit (AMD64)]",
        "command_line_arguments": "C:\\Users\\PC\\anaconda3\\envs\\mlagents\\Scripts\\mlagents-learn config/comodo.yaml --run-id=test36",
        "mlagents_version": "0.23.0",
        "mlagents_envs_version": "0.23.0",
        "communication_protocol_version": "1.3.0",
        "pytorch_version": "1.7.0+cu110",
        "numpy_version": "1.18.5",
        "end_time_seconds": "1611616452"
    },
    "total": 49.257818,
    "count": 1,
    "self": 0.005159300000002531,
    "children": {
        "run_training.setup": {
            "total": 0.006190600000000046,
            "count": 1,
            "self": 0.006190600000000046
        },
        "TrainerController.start_learning": {
            "total": 49.2464681,
            "count": 1,
            "self": 0.1002666999997146,
            "children": {
                "TrainerController._reset_env": {
                    "total": 6.443867099999999,
                    "count": 1,
                    "self": 6.443867099999999
                },
                "TrainerController.advance": {
                    "total": 42.63440010000029,
                    "count": 5584,
                    "self": 0.05132930000025482,
                    "children": {
                        "env_step": {
                            "total": 42.58307080000004,
                            "count": 5584,
                            "self": 37.466408899999784,
                            "children": {
                                "SubprocessEnvManager._take_step": {
                                    "total": 5.058002900000211,
                                    "count": 5584,
                                    "self": 0.23655070000038236,
                                    "children": {
                                        "TorchPolicy.evaluate": {
                                            "total": 4.821452199999829,
                                            "count": 5574,
                                            "self": 0.9011485999997673,
                                            "children": {
                                                "TorchPolicy.sample_actions": {
                                                    "total": 3.9203036000000617,
                                                    "count": 5574,
                                                    "self": 3.9203036000000617
                                                }
                                            }
                                        }
                                    }
                                },
                                "workers": {
                                    "total": 0.05865900000003865,
                                    "count": 5583,
                                    "self": 0.0,
                                    "children": {
                                        "worker_root": {
                                            "total": 42.609174800000076,
                                            "count": 5583,
                                            "is_parallel": true,
                                            "self": 9.886440800000031,
                                            "children": {
                                                "steps_from_proto": {
                                                    "total": 0.0006331999999993343,
                                                    "count": 1,
                                                    "is_parallel": true,
                                                    "self": 9.619999999976869e-05,
                                                    "children": {
                                                        "_process_vector_observation": {
                                                            "total": 0.0005369999999995656,
                                                            "count": 10,
                                                            "is_parallel": true,
                                                            "self": 0.0005369999999995656
                                                        }
                                                    }
                                                },
                                                "UnityEnvironment.step": {
                                                    "total": 32.72210080000005,
                                                    "count": 5583,
                                                    "is_parallel": true,
                                                    "self": 0.7269160999996771,
                                                    "children": {
                                                        "UnityEnvironment._generate_step_input": {
                                                            "total": 0.4871808000002744,
                                                            "count": 5583,
                                                            "is_parallel": true,
                                                            "self": 0.4871808000002744
                                                        },
                                                        "communicator.exchange": {
                                                            "total": 28.30353019999988,
                                                            "count": 5583,
                                                            "is_parallel": true,
                                                            "self": 28.30353019999988
                                                        },
                                                        "steps_from_proto": {
                                                            "total": 3.2044737000002197,
                                                            "count": 5583,
                                                            "is_parallel": true,
                                                            "self": 0.49340129999993465,
                                                            "children": {
                                                                "_process_vector_observation": {
                                                                    "total": 2.711072400000285,
                                                                    "count": 55830,
                                                                    "is_parallel": true,
                                                                    "self": 2.711072400000285
                                                                }
                                                            }
                                                        }
                                                    }
                                                }
                                            }
                                        }
                                    }
                                }
                            }
                        }
                    }
                },
                "trainer_threads": {
                    "total": 2.4899999999661304e-05,
                    "count": 1,
                    "self": 2.4899999999661304e-05,
                    "children": {
                        "thread_root": {
                            "total": 0.0,
                            "count": 0,
                            "is_parallel": true,
                            "self": 0.0,
                            "children": {
                                "trainer_advance": {
                                    "total": 42.566920600000095,