{
    "name": "root",
    "metadata": {
        "timer_format_version": "0.1.0",
        "start_time_seconds": "1611618422",
        "python_version": "3.7.9 (default, Aug 31 2020, 17:10:11) [MSC v.1916 64 bit (AMD64)]",
        "command_line_arguments": "C:\\Users\\PC\\anaconda3\\envs\\mlagents\\Scripts\\mlagents-learn config/comodo.yaml --run-id=FINAL5",
        "mlagents_version": "0.23.0",
        "mlagents_envs_version": "0.23.0",
        "communication_protocol_version": "1.3.0",
        "pytorch_version": "1.7.0+cu110",
        "numpy_version": "1.18.5",
        "end_time_seconds": "1611618588"
    },
    "total": 165.7226142,
    "count": 1,
    "self": 0.004307300000021996,
    "children": {
        "run_training.setup": {
            "total": 0.006601899999999938,
            "count": 1,
            "self": 0.006601899999999938
        },
        "TrainerController.start_learning": {
            "total": 165.711705,
            "count": 1,
            "self": 0.5612832000004175,
            "children": {
                "TrainerController._reset_env": {
                    "total": 5.0335426,
                    "count": 1,
                    "self": 5.0335426
                },
                "TrainerController.advance": {
                    "total": 160.05019259999958,
                    "count": 35928,
                    "self": 0.29059120000073335,
                    "children": {
                        "env_step": {
                            "total": 159.75960139999884,
                            "count": 35928,
                            "self": 138.21706019999908,
                            "children": {
                                "SubprocessEnvManager._take_step": {
                                    "total": 21.207955700001143,
                                    "count": 35928,
                                    "self": 1.3136078000011793,
                                    "children": {
                                        "TorchPolicy.evaluate": {
                                            "total": 19.894347899999964,
                                            "count": 35884,
                                            "self": 4.400282499998784,
                                            "children": {
                                                "TorchPolicy.sample_actions": {
                                                    "total": 15.49406540000118,
                                                    "count": 35884,
                                                    "self": 15.49406540000118
                                                }
                                            }
                                        }
                                    }
                                },
                                "workers": {
                                    "total": 0.33458549999862885,
                                    "count": 35927,
                                    "self": 0.0,
                                    "children": {
                                        "worker_root": {
                                            "total": 159.93798889999965,
                                            "count": 35927,
                                            "is_parallel": true,
                                            "self": 44.2158584999986,
                                            "children": {
                                                "steps_from_proto": {
                                                    "total": 0.0003729000000003424,
                                                    "count": 1,
                                                    "is_parallel": true,
                                                    "self": 8.669999999888489e-05,
                                                    "children": {
                                                        "_process_vector_observation": {
                                                            "total": 0.0002862000000014575,
                                                            "count": 10,
                                                            "is_parallel": true,
                                                            "self": 0.0002862000000014575
                                                        }
                                                    }
                                                },
                                                "UnityEnvironment.step": {
                                                    "total": 115.72175750000105,
                                                    "count": 35927,
                                                    "is_parallel": true,
                                                    "self": 2.4117486999961386,
                                                    "children": {
                                                        "UnityEnvironment._generate_step_input": {
                                                            "total": 1.5805227000038213,
                                                            "count": 35927,
                                                            "is_parallel": true,
                                                            "self": 1.5805227000038213
                                                        },
                                                        "communicator.exchange": {
                                                            "total": 101.396502300001,
                                                            "count": 35927,
                                                            "is_parallel": true,
                                                            "self": 101.396502300001
                                                        },
                                                        "steps_from_proto": {
                                                            "total": 10.332983800000077,
                                                            "count": 35927,
                                                            "is_parallel": true,
                                                            "self": 2.7143838000013982,
                                                            "children": {
                                                                "_process_vector_observation": {
                                                                    "total": 7.618599999998679,
                                                                    "count": 359270,
                                                                    "is_parallel": true,
                                                                    "self": 7.618599999998679
                                                                }
                                                            }
                                                        }
                                                    }
                                                }
                                            }
                                        }
                                    }
                                }
                            }
                        }
                    }
                },
                "trainer_threads": {
                    "total": 2.390000000218606e-05,
                    "count": 1,
                    "self": 2.390000000218606e-05,
                    "children": {
                        "thread_root": {
                            "total": 0.0,
                            "count": 0,
                            "is_parallel": true,
                            "self": 0.0,
                            "children": {
                                "trainer_advance": {
                                    "total": 159.94296909999966,