{
    "name": "root",
    "metadata": {
        "timer_format_version": "0.1.0",
        "start_time_seconds": "1611609338",
        "python_version": "3.7.9 (default, Aug 31 2020, 17:10:11) [MSC v.1916 64 bit (AMD64)]",
        "command_line_arguments": "C:\\Users\\PC\\anaconda3\\envs\\mlagents\\Scripts\\mlagents-learn config/comodo.yaml --run-id=test10",
        "mlagents_version": "0.23.0",
        "mlagents_envs_version": "0.23.0",
        "communication_protocol_version": "1.3.0",
        "pytorch_version": "1.7.0+cu110",
        "numpy_version": "1.18.5",
        "end_time_seconds": "1611609472"
    },
    "total": 133.8303936,
    "count": 1,
    "self": 0.004048100000005661,
    "children": {
        "run_training.setup": {
            "total": 0.006324800000000019,
            "count": 1,
            "self": 0.006324800000000019
        },
        "TrainerController.start_learning": {
            "total": 133.82002070000001,
            "count": 1,
            "self": 0.5532538999988788,
            "children": {
                "TrainerController._reset_env": {
                    "total": 7.1826242,
                    "count": 1,
                    "self": 7.1826242
                },
                "TrainerController.advance": {
                    "total": 126.00737590000114,
                    "count": 31632,
                    "self": 0.27715800000123636,
                    "children": {
                        "env_step": {
                            "total": 125.7302178999999,
                            "count": 31632,
                            "self": 105.25192400000019,
                            "children": {
                                "SubprocessEnvManager._take_step": {
                                    "total": 20.163295400001125,
                                    "count": 31632,
                                    "self": 1.2790290000012448,
                                    "children": {
                                        "TorchPolicy.evaluate": {
                                            "total": 18.88426639999988,
                                            "count": 31617,
                                            "self": 4.082406699999986,
                                            "children": {
                                                "TorchPolicy.sample_actions": {
                                                    "total": 14.801859699999895,
                                                    "count": 31617,
                                                    "self": 14.801859699999895
                                                }
                                            }
                                        }
                                    }
                                },
                                "workers": {
                                    "total": 0.314998499998592,
                                    "count": 31631,
                                    "self": 0.0,
                                    "children": {
                                        "worker_root": {
                                            "total": 125.94553570000028,
                                            "count": 31631,
                                            "is_parallel": true,
                                            "self": 41.04879550000075,
                                            "children": {
                                                "steps_from_proto": {
                                                    "total": 0.0002764000000006206,
                                                    "count": 1,
                                                    "is_parallel": true,
                                                    "self": 6.739999999982871e-05,
                                                    "children": {
                                                        "_process_vector_observation": {
                                                            "total": 0.00020900000000079189,
                                                            "count": 6,
                                                            "is_parallel": true,
                                                            "self": 0.00020900000000079189
                                                        }
                                                    }
                                                },
                                                "UnityEnvironment.step": {
                                                    "total": 84.89646379999952,
                                                    "count": 31631,
                                                    "is_parallel": true,
                                                    "self": 2.0028952999987695,
                                                    "children": {
                                                        "UnityEnvironment._generate_step_input": {
                                                            "total": 1.4460447000012788,
                                                            "count": 31631,
                                                            "is_parallel": true,
                                                            "self": 1.4460447000012788
                                                        },
                                                        "communicator.exchange": {
                                                            "total": 74.89105909999887,
                                                            "count": 31631,
                                                            "is_parallel": true,
                                                            "self": 74.89105909999887
                                                        },
                                                        "steps_from_proto": {
                                                            "total": 6.556464700000602,
                                                            "count": 31631,
                                                            "is_parallel": true,
                                                            "self": 1.9585333000016645,
                                                            "children": {
                                                                "_process_vector_observation": {
                                                                    "total": 4.597931399998938,
                                                                    "count": 189786,
                                                                    "is_parallel": true,
                                                                    "self": 4.597931399998938
                                                                }
                                                            }
                                                        }
                                                    }
                                                }
                                            }
                                        }
                                    }
                                }
                            }
                        }
                    }
                },
                "trainer_threads": {
                    "total": 1.8799999992324956e-05,
                    "count": 1,
                    "self": 1.8799999992324956e-05,
                    "children": {
                        "thread_root": {
                            "total": 0.0,
                            "count": 0,
                            "is_parallel": true,
                            "self": 0.0,
                            "children": {
                                "trainer_advance": {
                                    "total": 125.98861849999832,