{
    "name": "root",
    "gauges": {
        "StandardConfig.Policy.Entropy.mean": {
            "value": 1.4189382791519165,
            "min": 1.4189382791519165,
            "max": 1.418938398361206,
            "count": 18
        },
        "StandardConfig.Policy.ExtrinsicValueEstimate.mean": {
            "value": 0.026321787387132645,
            "min": 0.0027464318554848433,
            "max": 0.03563595935702324,
            "count": 18
        },
        "StandardConfig.Policy.CuriosityValueEstimate.mean": {
            "value": -0.03391947224736214,
            "min": -0.04345706105232239,
            "max": 0.013174325227737427,
            "count": 18
        },
        "StandardConfig.Environment.EpisodeLength.mean": {
            "value": 611.1428571428571,
            "min": 422.9230769230769,
            "max": 1822.75,
            "count": 18
        },
        "StandardConfig.Environment.CumulativeReward.mean": {
            "value": -1.4525463511901242,
            "min": -2.5307337753474712,
            "max": -1.1835624016821384,
            "count": 18
        },
        "StandardConfig.Policy.ExtrinsicReward.mean": {
            "value": -1.4525463511901242,
            "min": -2.5307337753474712,
            "max": -1.1835624016821384,
            "count": 18
        },
        "StandardConfig.Policy.CuriosityReward.mean": {
            "value": 0.0,
            "min": 0.0,
            "max": 0.0,
            "count": 18
        },
        "StandardConfig.IsTraining.mean": {
            "value": 1.0,
            "min": 1.0,
            "max": 1.0,
            "count": 18
        }
    },
    "metadata": {
        "timer_format_version": "0.1.0",
        "start_time_seconds": "1611705672",
        "python_version": "3.7.9 (default, Aug 31 2020, 17:10:11) [MSC v.1916 64 bit (AMD64)]",
        "command_line_arguments": "C:\\Users\\PC\\anaconda3\\envs\\mlagents\\Scripts\\mlagents-learn config/comodo.yaml --run-id=NonCeLaFaccioPiu37",
        "mlagents_version": "0.23.0",
        "mlagents_envs_version": "0.23.0",
        "communication_protocol_version": "1.3.0",
        "pytorch_version": "1.7.0+cu110",
        "numpy_version": "1.18.5",
        "end_time_seconds": "1611706170"
    },
    "total": 497.8942951,
    "count": 1,
    "self": 0.004836100000090937,
    "children": {
        "run_training.setup": {
            "total": 0.0061261999999999706,
            "count": 1,
            "self": 0.0061261999999999706
        },
        "TrainerController.start_learning": {
            "total": 497.88333279999995,
            "count": 1,
            "self": 0.5460241999977598,
            "children": {
                "TrainerController._reset_env": {
                    "total": 6.4674671,
                    "count": 1,
                    "self": 6.4674671
                },
                "TrainerController.advance": {
                    "total": 490.79668620000217,
                    "count": 30625,
                    "self": 0.28334080000291806,
                    "children": {
                        "env_step": {
                            "total": 490.51334539999925,
                            "count": 30625,
                            "self": 452.33942719999385,
                            "children": {
                                "SubprocessEnvManager._take_step": {
                                    "total": 37.85398670000099,
                                    "count": 30625,
                                    "self": 1.325811699999356,
                                    "children": {
                                        "TorchPolicy.evaluate": {
                                            "total": 36.52817500000163,
                                            "count": 30512,
                                            "self": 6.078234200003315,
                                            "children": {
                                                "TorchPolicy.sample_actions": {
                                                    "total": 30.449940799998316,
                                                    "count": 30512,
                                                    "self": 30.449940799998316
                                                }
                                            }
                                        }
                                    }
                                },
                                "workers": {
                                    "total": 0.3199315000043983,
                                    "count": 30624,
                                    "self": 0.0,
                                    "children": {
                                        "worker_root": {
                                            "total": 490.73068469999754,
                                            "count": 30624,
                                            "is_parallel": true,
                                            "self": 65.15438549999931,
                                            "children": {
                                                "steps_from_proto": {
                                                    "total": 0.0005977000000001453,
                                                    "count": 1,
                                                    "is_parallel": true,
                                                    "self": 7.909999999888839e-05,
                                                    "children": {
                                                        "_process_vector_observation": {
                                                            "total": 0.0005186000000012569,
                                                            "count": 6,
                                                            "is_parallel": true,
                                                            "self": 0.0005186000000012569
                                                        }
                                                    }
                                                },
                                                "UnityEnvironment.step": {
                                                    "total": 425.5757014999982,
                                                    "count": 30624,
                                                    "is_parallel": true,
                                                    "self": 4.045601799993335,
                                                    "children": {
                                                        "UnityEnvironment._generate_step_input": {
                                                            "total": 3.3655361000007122,
                                                            "count": 30624,
                                                            "is_parallel": true,
                                                            "self": 3.3655361000007122
                                                        },
                                                        "communicator.exchange": {
                                                            "total": 401.343802100002,
                                                            "count": 30624,
                                                            "is_parallel": true,
                                                            "self": 401.343802100002
                                                        },
                                                        "steps_from_proto": {
                                                            "total": 16.820761500002142,
                                                            "count": 30624,
                                                            "is_parallel": true,
                                                            "self": 2.223809200014456,