{
    "name": "root",
    "metadata": {
        "timer_format_version": "0.1.0",
        "start_time_seconds": "1611760429",
        "python_version": "3.7.9 (default, Aug 31 2020, 17:10:11) [MSC v.1916 64 bit (AMD64)]",
        "command_line_arguments": "C:\\Users\\PC\\anaconda3\\envs\\mlagents\\Scripts\\mlagents-learn config/comodo.yaml --run-id=DAII36",
        "mlagents_version": "0.23.0",
        "mlagents_envs_version": "0.23.0",
        "communication_protocol_version": "1.3.0",
        "pytorch_version": "1.7.0+cu110",
        "numpy_version": "1.18.5",
        "end_time_seconds": "1611760435"
    },
    "total": 6.32311,
    "count": 1,
    "self": 0.004306199999999372,
    "children": {
        "run_training.setup": {
            "total": 0.006119099999999933,
            "count": 1,
            "self": 0.006119099999999933
        },
        "TrainerController.start_learning": {
            "total": 6.3126847,
            "count": 1,
            "self": 0.0013291000000039688,
            "children": {
                "TrainerController._reset_env": {
                    "total": 4.9934764,
                    "count": 1,
                    "self": 4.9934764
                },
                "TrainerController.advance": {
                    "total": 1.2143831999999968,
                    "count": 42,
                    "self": 0.0003538999999941339,
                    "children": {
                        "env_step": {
                            "total": 1.2140293000000026,
                            "count": 42,
                            "self": 1.1578282000000115,
                            "children": {
                                "SubprocessEnvManager._take_step": {
                                    "total": 0.055847999999997455,
                                    "count": 42,
                                    "self": 0.001573499999997452,
                                    "children": {
                                        "TorchPolicy.evaluate": {
                                            "total": 0.0542745,
                                            "count": 41,
                                            "self": 0.008595099999999078,
                                            "children": {
                                                "TorchPolicy.sample_actions": {
                                                    "total": 0.045679400000000925,
                                                    "count": 41,
                                                    "self": 0.045679400000000925
                                                }
                                            }
                                        }
                                    }
                                },
                                "workers": {
                                    "total": 0.0003530999999936668,
                                    "count": 41,
                                    "self": 0.0,
                                    "children": {
                                        "worker_root": {
                                            "total": 1.2211865000000017,
                                            "count": 41,
                                            "is_parallel": true,
                                            "self": 0.10943080000000371,
                                            "children": {
                                                "steps_from_proto": {
                                                    "total": 0.0009638000000000702,
                                                    "count": 1,
                                                    "is_parallel": true,
                                                    "self": 0.00017960000000183385,
                                                    "children": {
                                                        "_process_vector_observation": {
                                                            "total": 0.0007841999999982363,
                                                            "count": 6,
                                                            "is_parallel": true,
                                                            "self": 0.0007841999999982363
                                                        }
                                                    }
                                                },
                                                "UnityEnvironment.step": {
                                                    "total": 1.110791899999998,
                                                    "count": 41,
                                                    "is_parallel": true,
                                                    "self": 0.0062099000000053195,
                                                    "children": {
                                                        "UnityEnvironment._generate_step_input": {
                                                            "total": 0.004825699999998712,
                                                            "count": 41,
                                                            "is_parallel": true,
                                                            "self": 0.004825699999998712
                                                        },
                                                        "communicator.exchange": {
                                                            "total": 1.0683394999999969,
                                                            "count": 41,
                                                            "is_parallel": true,
                                                            "self": 1.0683394999999969
                                                        },
                                                        "steps_from_proto": {
                                                            "total": 0.031416799999997025,
                                                            "count": 41,
                                                            "is_parallel": true,
                                                            "self": 0.0050308000000027775,
                                                            "children": {
                                                                "_process_vector_observation": {
                                                                    "total": 0.026385999999994247,
                                                                    "count": 246,
                                                                    "is_parallel": true,
                                                                    "self": 0.026385999999994247
                                                                }
                                                            }
                                                        }
                                                    }
                                                }
                                            }
                                        }
                                    }
                                }
                            }
                        }
                    }
                },
                "trainer_threads": {
                    "total": 1.1199999999433885e-05,
                    "count": 1,
                    "self": 1.1199999999433885e-05,
                    "children": {
                        "thread_root": {
                            "total": 0.0,
                            "count": 0,
                            "is_parallel": true,
                            "self": 0.0,
                            "children": {
                                "trainer_advance": {
                                    "total": 1.2113454999999993,