{
    "name": "root",
    "gauges": {
        "StandardConfig.Policy.Entropy.mean": {
            "value": 1.4871212244033813,
            "min": 1.4192315340042114,
            "max": 1.4871212244033813,
            "count": 42
        },
        "StandardConfig.Policy.ExtrinsicValueEstimate.mean": {
            "value": -0.02910199947655201,
            "min": -0.19845327734947205,
            "max": 0.12038534134626389,
            "count": 42
        },
        "StandardConfig.Policy.CuriosityValueEstimate.mean": {
            "value": 0.0486869178712368,
            "min": 0.0011489886092022061,
            "max": 0.4071982502937317,
            "count": 42
        },
        "StandardConfig.Losses.PolicyLoss.mean": {
            "value": 0.0025039188486213485,
            "min": 0.0021336932550184424,
            "max": 0.02188608741077284,
            "count": 42
        },
        "StandardConfig.Losses.ValueLoss.mean": {
            "value": 0.016611996563005958,
            "min": 7.825512542088594e-06,
            "max": 0.020568441719054437,
            "count": 42
        },
        "StandardConfig.Policy.LearningRate.mean": {
            "value": 0.0002975106080297976,
            "min": 0.0002975106080297976,
            "max": 0.00029996313601228795,
            "count": 42
        },
        "StandardConfig.Policy.Epsilon.mean": {
            "value": 0.19917020240000002,
            "min": 0.19917020240000002,
            "max": 0.199987712,
            "count": 42
        },
        "StandardConfig.Policy.Beta.mean": {
            "value": 0.09917028537976,
            "min": 0.09917028537976,
            "max": 0.09998771322880001,
            "count": 42
        },
        "StandardConfig.Losses.CuriosityForwardLoss.mean": {
            "value": 0.02726153122882048,
            "min": 0.024049509937564533,
            "max": 1.0948487669229507,
            "count": 42
        },
        "StandardConfig.Losses.CuriosityInverseLoss.mean": {
            "value": 5.312425867716471,
            "min": 3.944541017214457,
            "max": 5.312425867716471,
            "count": 42
        },
        "StandardConfig.IsTraining.mean": {
            "value": 1.0,
            "min": 1.0,
            "max": 1.0,
            "count": 42
        },
        "StandardConfig.Environment.EpisodeLength.mean": {
            "value": 5000.5,
            "min": 5000.0,
            "max": 15864.416666666666,
            "count": 6
        },
        "StandardConfig.Environment.CumulativeReward.mean": {
            "value": -2.212509410455823,
            "min": -2.212509410455823,
            "max": -1.543646665464621,
            "count": 6
        },
        "StandardConfig.Policy.ExtrinsicReward.mean": {
            "value": -2.212509410455823,
            "min": -2.212509410455823,
            "max": -1.543646665464621,
            "count": 6
        },
        "StandardConfig.Policy.CuriosityReward.mean": {
            "value": 2.518830649050263,
            "min": 2.518830649050263,
            "max": 32.51961161568761,
            "count": 6
        }
    },
    "metadata": {
        "timer_format_version": "0.1.0",
        "start_time_seconds": "1611691465",
        "python_version": "3.7.9 (default, Aug 31 2020, 17:10:11) [MSC v.1916 64 bit (AMD64)]",
        "command_line_arguments": "C:\\Users\\PC\\anaconda3\\envs\\mlagents\\Scripts\\mlagents-learn config/comodo.yaml --run-id=NonCeLaFaccioPiu5",
        "mlagents_version": "0.23.0",
        "mlagents_envs_version": "0.23.0",
        "communication_protocol_version": "1.3.0",
        "pytorch_version": "1.7.0+cu110",
        "numpy_version": "1.18.5",
        "end_time_seconds": "1611692128"
    },
    "total": 662.6513684,
    "count": 1,
    "self": 0.004913400000077672,
    "children": {
        "run_training.setup": {
            "total": 0.006195300000000015,
            "count": 1,
            "self": 0.006195300000000015
        },
        "TrainerController.start_learning": {
            "total": 662.6402597,
            "count": 1,
            "self": 0.5370030999976052,
            "children": {
                "TrainerController._reset_env": {
                    "total": 3.8380224999999997,
                    "count": 1,
                    "self": 3.8380224999999997
                },
                "TrainerController.advance": {
                    "total": 658.1624456000023,
                    "count": 26783,
                    "self": 0.29167910000649044,
                    "children": {
                        "env_step": {
                            "total": 657.8707664999959,
                            "count": 26783,
                            "self": 611.5002883999953,
                            "children": {
                                "SubprocessEnvManager._take_step": {
                                    "total": 46.055775500001786,
                                    "count": 26783,
                                    "self": 1.4415266000039608,
                                    "children": {
                                        "TorchPolicy.evaluate": {
                                            "total": 44.614248899997826,
                                            "count": 26747,
                                            "self": 8.461355199996241,
                                            "children": {
                                                "TorchPolicy.sample_actions": {
                                                    "total": 36.152893700001584,
                                                    "count": 26747,
                                                    "self": 36.152893700001584
                                                }
                                            }
                                        }
                                    }
                                },
                                "workers": {
                                    "total": 0.31470259999874983,
                                    "count": 26782,
                                    "self": 0.0,
                                    "children": {
                                        "worker_root": {
                                            "total": 658.1182622999985,
                                            "count": 26782,
                                            "is_parallel": true,
                                            "self": 93.70223970000632,
                                            "children": {
                                                "steps_from_proto": {
                                                    "total": 0.0006651999999998104,
                                                    "count": 1,
                                                    "is_parallel": true,
                                                    "self": 8.429999999925997e-05,
                                                    "children": {
                                                        "_process_vector_observation": {
                                                            "total": 0.0005809000000005504,
                                                            "count": 4,
                                                            "is_parallel": true,
                                                            "self": 0.0005809000000005504
                                                        }
                                                    }
                                                },
                                                "UnityEnvironment.step": {
                                                    "total": 564.4153573999922,
                                                    "count": 26782,
                                                    "is_parallel": true,
                                                    "self": 4.805751299994881,