{
    "name": "root",
    "metadata": {
        "timer_format_version": "0.1.0",
        "start_time_seconds": "1611617629",
        "python_version": "3.7.9 (default, Aug 31 2020, 17:10:11) [MSC v.1916 64 bit (AMD64)]",
        "command_line_arguments": "C:\\Users\\PC\\anaconda3\\envs\\mlagents\\Scripts\\mlagents-learn config/comodo.yaml --run-id=FINAL2",
        "mlagents_version": "0.23.0",
        "mlagents_envs_version": "0.23.0",
        "communication_protocol_version": "1.3.0",
        "pytorch_version": "1.7.0+cu110",
        "numpy_version": "1.18.5",
        "end_time_seconds": "1611617658"
    },
    "total": 28.339026800000003,
    "count": 1,
    "self": 0.005206000000001154,
    "children": {
        "run_training.setup": {
            "total": 0.00605509999999998,
            "count": 1,
            "self": 0.00605509999999998
        },
        "TrainerController.start_learning": {
            "total": 28.3277657,
            "count": 1,
            "self": 0.0834927000000576,
            "children": {
                "TrainerController._reset_env": {
                    "total": 5.1750302,
                    "count": 1,
                    "self": 5.1750302
                },
                "TrainerController.advance": {
                    "total": 23.003131299999943,
                    "count": 5103,
                    "self": 0.04304400000000186,
                    "children": {
                        "env_step": {
                            "total": 22.96008729999994,
                            "count": 5103,
                            "self": 20.20394990000007,
                            "children": {
                                "SubprocessEnvManager._take_step": {
                                    "total": 2.7071618999999822,
                                    "count": 5103,
                                    "self": 0.18397829999991533,
                                    "children": {
                                        "TorchPolicy.evaluate": {
                                            "total": 2.523183600000067,
                                            "count": 5094,
                                            "self": 0.5720696000000363,
                                            "children": {
                                                "TorchPolicy.sample_actions": {
                                                    "total": 1.9511140000000307,
                                                    "count": 5094,
                                                    "self": 1.9511140000000307
                                                }
                                            }
                                        }
                                    }
                                },
                                "workers": {
                                    "total": 0.0489754999998917,
                                    "count": 5102,
                                    "self": 0.0,
                                    "children": {
                                        "worker_root": {
                                            "total": 22.99326280000013,
                                            "count": 5102,
                                            "is_parallel": true,
                                            "self": 5.935675800000151,
                                            "children": {
                                                "steps_from_proto": {
                                                    "total": 0.00039560000000005147,
                                                    "count": 1,
                                                    "is_parallel": true,
                                                    "self": 9.009999999953777e-05,
                                                    "children": {
                                                        "_process_vector_observation": {
                                                            "total": 0.0003055000000005137,
                                                            "count": 10,
                                                            "is_parallel": true,
                                                            "self": 0.0003055000000005137
                                                        }
                                                    }
                                                },
                                                "UnityEnvironment.step": {
                                                    "total": 17.05719139999998,
                                                    "count": 5102,
                                                    "is_parallel": true,
                                                    "self": 0.33440249999996396,
                                                    "children": {
                                                        "UnityEnvironment._generate_step_input": {
                                                            "total": 0.21450020000006642,
                                                            "count": 5102,
                                                            "is_parallel": true,
                                                            "self": 0.21450020000006642
                                                        },
                                                        "communicator.exchange": {
                                                            "total": 15.057087700000041,
                                                            "count": 5102,
                                                            "is_parallel": true,
                                                            "self": 15.057087700000041
                                                        },
                                                        "steps_from_proto": {
                                                            "total": 1.4512009999999096,
                                                            "count": 5102,
                                                            "is_parallel": true,
                                                            "self": 0.37953879999956186,
                                                            "children": {
                                                                "_process_vector_observation": {
                                                                    "total": 1.0716622000003477,
                                                                    "count": 51020,
                                                                    "is_parallel": true,
                                                                    "self": 1.0716622000003477
                                                                }
                                                            }
                                                        }
                                                    }
                                                }
                                            }
                                        }
                                    }
                                }
                            }
                        }
                    }
                },
                "trainer_threads": {
                    "total": 1.8199999999524152e-05,
                    "count": 1,
                    "self": 1.8199999999524152e-05,
                    "children": {
                        "thread_root": {
                            "total": 0.0,
                            "count": 0,
                            "is_parallel": true,
                            "self": 0.0,
                            "children": {
                                "trainer_advance": {
                                    "total": 22.98725009999991,