{
    "name": "root",
    "metadata": {
        "timer_format_version": "0.1.0",
        "start_time_seconds": "1611620644",
        "python_version": "3.7.9 (default, Aug 31 2020, 17:10:11) [MSC v.1916 64 bit (AMD64)]",
        "command_line_arguments": "C:\\Users\\PC\\anaconda3\\envs\\mlagents\\Scripts\\mlagents-learn config/comodo.yaml --run-id=FINALFinal2",
        "mlagents_version": "0.23.0",
        "mlagents_envs_version": "0.23.0",
        "communication_protocol_version": "1.3.0",
        "pytorch_version": "1.7.0+cu110",
        "numpy_version": "1.18.5",
        "end_time_seconds": "1611620659"
    },
    "total": 15.0202009,
    "count": 1,
    "self": 0.004269100000001913,
    "children": {
        "run_training.setup": {
            "total": 0.00636609999999993,
            "count": 1,
            "self": 0.00636609999999993
        },
        "TrainerController.start_learning": {
            "total": 15.0095657,
            "count": 1,
            "self": 0.047906000000015325,
            "children": {
                "TrainerController._reset_env": {
                    "total": 3.0442869,
                    "count": 1,
                    "self": 3.0442869
                },
                "TrainerController.advance": {
                    "total": 11.851476099999987,
                    "count": 3038,
                    "self": 0.024047499999996447,
                    "children": {
                        "env_step": {
                            "total": 11.82742859999999,
                            "count": 3038,
                            "self": 10.231441300000027,
                            "children": {
                                "SubprocessEnvManager._take_step": {
                                    "total": 1.5698552999999844,
                                    "count": 3038,
                                    "self": 0.10734210000000166,
                                    "children": {
                                        "TorchPolicy.evaluate": {
                                            "total": 1.4625131999999827,
                                            "count": 3034,
                                            "self": 0.3338074999999887,
                                            "children": {
                                                "TorchPolicy.sample_actions": {
                                                    "total": 1.128705699999994,
                                                    "count": 3034,
                                                    "self": 1.128705699999994
                                                }
                                            }
                                        }
                                    }
                                },
                                "workers": {
                                    "total": 0.026131999999979616,
                                    "count": 3037,
                                    "self": 0.0,
                                    "children": {
                                        "worker_root": {
                                            "total": 11.842945600000018,
                                            "count": 3037,
                                            "is_parallel": true,
                                            "self": 3.4417488000000294,
                                            "children": {
                                                "steps_from_proto": {
                                                    "total": 0.0003767999999997329,
                                                    "count": 1,
                                                    "is_parallel": true,
                                                    "self": 8.810000000059048e-05,
                                                    "children": {
                                                        "_process_vector_observation": {
                                                            "total": 0.0002886999999991424,
                                                            "count": 10,
                                                            "is_parallel": true,
                                                            "self": 0.0002886999999991424
                                                        }
                                                    }
                                                },
                                                "UnityEnvironment.step": {
                                                    "total": 8.400819999999989,
                                                    "count": 3037,
                                                    "is_parallel": true,
                                                    "self": 0.19480089999998107,
                                                    "children": {
                                                        "UnityEnvironment._generate_step_input": {
                                                            "total": 0.11946510000000243,
                                                            "count": 3037,
                                                            "is_parallel": true,
                                                            "self": 0.11946510000000243
                                                        },
                                                        "communicator.exchange": {
                                                            "total": 7.238386200000012,
                                                            "count": 3037,
                                                            "is_parallel": true,
                                                            "self": 7.238386200000012
                                                        },
                                                        "steps_from_proto": {
                                                            "total": 0.8481677999999939,
                                                            "count": 3037,
                                                            "is_parallel": true,
                                                            "self": 0.22303260000007574,
                                                            "children": {
                                                                "_process_vector_observation": {
                                                                    "total": 0.6251351999999182,
                                                                    "count": 30370,
                                                                    "is_parallel": true,
                                                                    "self": 0.6251351999999182
                                                                }
                                                            }
                                                        }
                                                    }
                                                }
                                            }
                                        }
                                    }
                                }
                            }
                        }
                    }
                },
                "trainer_threads": {
                    "total": 1.8799999999430383e-05,
                    "count": 1,
                    "self": 1.8799999999430383e-05,
                    "children": {
                        "thread_root": {
                            "total": 0.0,
                            "count": 0,
                            "is_parallel": true,
                            "self": 0.0,
                            "children": {
                                "trainer_advance": {
                                    "total": 11.850052800000002,