{
    "name": "root",
    "metadata": {
        "timer_format_version": "0.1.0",
        "start_time_seconds": "1611666779",
        "python_version": "3.7.9 (default, Aug 31 2020, 17:10:11) [MSC v.1916 64 bit (AMD64)]",
        "command_line_arguments": "C:\\Users\\PC\\anaconda3\\envs\\mlagents\\Scripts\\mlagents-learn config/comodo.yaml --run-id=PleaseFINAL7",
        "mlagents_version": "0.23.0",
        "mlagents_envs_version": "0.23.0",
        "communication_protocol_version": "1.3.0",
        "pytorch_version": "1.7.0+cu110",
        "numpy_version": "1.18.5",
        "end_time_seconds": "1611666787"
    },
    "total": 7.7303751,
    "count": 1,
    "self": 0.004402300000000636,
    "children": {
        "run_training.setup": {
            "total": 0.006188199999999977,
            "count": 1,
            "self": 0.006188199999999977
        },
        "TrainerController.start_learning": {
            "total": 7.7197846,
            "count": 1,
            "self": 0.004033300000003237,
            "children": {
                "TrainerController._reset_env": {
                    "total": 6.5408118,
                    "count": 1,
                    "self": 6.5408118
                },
                "TrainerController.advance": {
                    "total": 1.1063934999999967,
                    "count": 127,
                    "self": 0.000957500000012601,
                    "children": {
                        "env_step": {
                            "total": 1.105435999999984,
                            "count": 127,
                            "self": 1.0415082999999852,
                            "children": {
                                "SubprocessEnvManager._take_step": {
                                    "total": 0.06291819999999326,
                                    "count": 127,
                                    "self": 0.004342499999991034,
                                    "children": {
                                        "TorchPolicy.evaluate": {
                                            "total": 0.05857570000000223,
                                            "count": 127,
                                            "self": 0.012325399999994602,
                                            "children": {
                                                "TorchPolicy.sample_actions": {
                                                    "total": 0.04625030000000763,
                                                    "count": 127,
                                                    "self": 0.04625030000000763
                                                }
                                            }
                                        }
                                    }
                                },
                                "workers": {
                                    "total": 0.0010095000000056586,
                                    "count": 126,
                                    "self": 0.0,
                                    "children": {
                                        "worker_root": {
                                            "total": 1.1090598000000034,
                                            "count": 126,
                                            "is_parallel": true,
                                            "self": 0.1470326000000064,
                                            "children": {
                                                "steps_from_proto": {
                                                    "total": 0.00038610000000005584,
                                                    "count": 1,
                                                    "is_parallel": true,
                                                    "self": 8.869999999916445e-05,
                                                    "children": {
                                                        "_process_vector_observation": {
                                                            "total": 0.0002974000000008914,
                                                            "count": 10,
                                                            "is_parallel": true,
                                                            "self": 0.0002974000000008914
                                                        }
                                                    }
                                                },
                                                "UnityEnvironment.step": {
                                                    "total": 0.9616410999999969,
                                                    "count": 126,
                                                    "is_parallel": true,
                                                    "self": 0.00817789999999885,
                                                    "children": {
                                                        "UnityEnvironment._generate_step_input": {
                                                            "total": 0.005091099999991577,
                                                            "count": 126,
                                                            "is_parallel": true,
                                                            "self": 0.005091099999991577
                                                        },
                                                        "communicator.exchange": {
                                                            "total": 0.913078099999999,
                                                            "count": 126,
                                                            "is_parallel": true,
                                                            "self": 0.913078099999999
                                                        },
                                                        "steps_from_proto": {
                                                            "total": 0.035294000000007486,
                                                            "count": 126,
                                                            "is_parallel": true,
                                                            "self": 0.009102300000001229,
                                                            "children": {
                                                                "_process_vector_observation": {
                                                                    "total": 0.026191700000006257,
                                                                    "count": 1260,
                                                                    "is_parallel": true,
                                                                    "self": 0.026191700000006257
                                                                }
                                                            }
                                                        }
                                                    }
                                                }
                                            }
                                        }
                                    }
                                }
                            }
                        }
                    }
                },
                "trainer_threads": {
                    "total": 1.3999999998404178e-05,
                    "count": 1,
                    "self": 1.3999999998404178e-05,
                    "children": {
                        "thread_root": {
                            "total": 0.0,
                            "count": 0,
                            "is_parallel": true,
                            "self": 0.0,
                            "children": {
                                "trainer_advance": {
                                    "total": 1.1057994999999963,