{
    "name": "root",
    "metadata": {
        "timer_format_version": "0.1.0",
        "start_time_seconds": "1611697436",
        "python_version": "3.7.9 (default, Aug 31 2020, 17:10:11) [MSC v.1916 64 bit (AMD64)]",
        "command_line_arguments": "C:\\Users\\PC\\anaconda3\\envs\\mlagents\\Scripts\\mlagents-learn config/comodo.yaml --run-id=NonCeLaFaccioPiu21",
        "mlagents_version": "0.23.0",
        "mlagents_envs_version": "0.23.0",
        "communication_protocol_version": "1.3.0",
        "pytorch_version": "1.7.0+cu110",
        "numpy_version": "1.18.5",
        "end_time_seconds": "1611697458"
    },
    "total": 22.384127,
    "count": 1,
    "self": 0.005254300000000711,
    "children": {
        "run_training.setup": {
            "total": 0.006662500000000016,
            "count": 1,
            "self": 0.006662500000000016
        },
        "TrainerController.start_learning": {
            "total": 22.372210199999998,
            "count": 1,
            "self": 0.5250009999999783,
            "children": {
                "TrainerController._reset_env": {
                    "total": 6.021398,
                    "count": 1,
                    "self": 6.021398
                },
                "TrainerController.advance": {
                    "total": 15.747321100000022,
                    "count": 389,
                    "self": 0.004006299999968377,
                    "children": {
                        "env_step": {
                            "total": 15.743314800000054,
                            "count": 389,
                            "self": 15.31828980000009,
                            "children": {
                                "SubprocessEnvManager._take_step": {
                                    "total": 0.4208915000000024,
                                    "count": 389,
                                    "self": 0.02046199999998599,
                                    "children": {
                                        "TorchPolicy.evaluate": {
                                            "total": 0.4004295000000164,
                                            "count": 389,
                                            "self": 0.06415129999999358,
                                            "children": {
                                                "TorchPolicy.sample_actions": {
                                                    "total": 0.33627820000002284,
                                                    "count": 389,
                                                    "self": 0.33627820000002284
                                                }
                                            }
                                        }
                                    }
                                },
                                "workers": {
                                    "total": 0.0041334999999618205,
                                    "count": 388,
                                    "self": 0.0,
                                    "children": {
                                        "worker_root": {
                                            "total": 15.722269599999963,
                                            "count": 388,
                                            "is_parallel": true,
                                            "self": 0.8256599999999263,
                                            "children": {
                                                "steps_from_proto": {
                                                    "total": 0.0007861000000000118,
                                                    "count": 1,
                                                    "is_parallel": true,
                                                    "self": 8.109999999916795e-05,
                                                    "children": {
                                                        "_process_vector_observation": {
                                                            "total": 0.0007050000000008438,
                                                            "count": 6,
                                                            "is_parallel": true,
                                                            "self": 0.0007050000000008438
                                                        }
                                                    }
                                                },
                                                "UnityEnvironment.step": {
                                                    "total": 14.895823500000036,
                                                    "count": 388,
                                                    "is_parallel": true,
                                                    "self": 0.06769250000003346,
                                                    "children": {
                                                        "UnityEnvironment._generate_step_input": {
                                                            "total": 0.05484950000000932,
                                                            "count": 388,
                                                            "is_parallel": true,
                                                            "self": 0.05484950000000932
                                                        },
                                                        "communicator.exchange": {
                                                            "total": 14.463099499999998,
                                                            "count": 388,
                                                            "is_parallel": true,
                                                            "self": 14.463099499999998
                                                        },
                                                        "steps_from_proto": {
                                                            "total": 0.31018199999999396,
                                                            "count": 388,
                                                            "is_parallel": true,
                                                            "self": 0.03124039999992867,
                                                            "children": {
                                                                "_process_vector_observation": {
                                                                    "total": 0.2789416000000653,
                                                                    "count": 2328,
                                                                    "is_parallel": true,
                                                                    "self": 0.2789416000000653
                                                                }
                                                            }
                                                        }
                                                    }
                                                }
                                            }
                                        }
                                    }
                                }
                            }
                        }
                    }
                },
                "trainer_threads": {
                    "total": 2.1700000001345643e-05,
                    "count": 1,
                    "self": 2.1700000001345643e-05,
                    "children": {
                        "thread_root": {
                            "total": 0.0,
                            "count": 0,
                            "is_parallel": true,
                            "self": 0.0,
                            "children": {
                                "trainer_advance": {
                                    "total": 16.204752900000003,