{
    "name": "root",
    "gauges": {
        "StandardConfig.Policy.Entropy.mean": {
            "value": 1.41977059841156,
            "min": 1.41977059841156,
            "max": 1.41977059841156,
            "count": 1
        },
        "StandardConfig.Policy.ExtrinsicValueEstimate.mean": {
            "value": 0.27937594056129456,
            "min": 0.27937594056129456,
            "max": 0.27937594056129456,
            "count": 1
        },
        "StandardConfig.Policy.CuriosityValueEstimate.mean": {
            "value": 0.49306997656822205,
            "min": 0.49306997656822205,
            "max": 0.49306997656822205,
            "count": 1
        },
        "StandardConfig.Environment.EpisodeLength.mean": {
            "value": 988.7,
            "min": 988.7,
            "max": 988.7,
            "count": 1
        },
        "StandardConfig.Environment.CumulativeReward.mean": {
            "value": -1.5327927959850058,
            "min": -1.5327927959850058,
            "max": -1.5327927959850058,
            "count": 1
        },
        "StandardConfig.Policy.ExtrinsicReward.mean": {
            "value": -1.5327927959850058,
            "min": -1.5327927959850058,
            "max": -1.5327927959850058,
            "count": 1
        },
        "StandardConfig.Policy.CuriosityReward.mean": {
            "value": 74.64043598175049,
            "min": 74.64043598175049,
            "max": 74.64043598175049,
            "count": 1
        },
        "StandardConfig.Losses.PolicyLoss.mean": {
            "value": 0.002636251350243886,
            "min": 0.002636251350243886,
            "max": 0.002636251350243886,
            "count": 1
        },
        "StandardConfig.Losses.ValueLoss.mean": {
            "value": 0.756524844910018,
            "min": 0.756524844910018,
            "max": 0.756524844910018,
            "count": 1
        },
        "StandardConfig.Policy.LearningRate.mean": {
            "value": 0.00029996831101056296,
            "min": 0.00029996831101056296,
            "max": 0.00029996831101056296,
            "count": 1
        },
        "StandardConfig.Policy.Epsilon.mean": {
            "value": 0.19998943700000002,
            "min": 0.19998943700000002,
            "max": 0.19998943700000002,
            "count": 1
        },
        "StandardConfig.Policy.Beta.mean": {
            "value": 0.09998943805629999,
            "min": 0.09998943805629999,
            "max": 0.09998943805629999,
            "count": 1
        },
        "StandardConfig.Losses.CuriosityForwardLoss.mean": {
            "value": 2.491768290599187,
            "min": 2.491768290599187,
            "max": 2.491768290599187,
            "count": 1
        },
        "StandardConfig.Losses.CuriosityInverseLoss.mean": {
            "value": 4.032368501027425,
            "min": 4.032368501027425,
            "max": 4.032368501027425,
            "count": 1
        },
        "StandardConfig.IsTraining.mean": {
            "value": 1.0,
            "min": 1.0,
            "max": 1.0,
            "count": 1
        }
    },
    "metadata": {
        "timer_format_version": "0.1.0",
        "start_time_seconds": "1611657935",
        "python_version": "3.7.9 (default, Aug 31 2020, 17:10:11) [MSC v.1916 64 bit (AMD64)]",
        "command_line_arguments": "C:\\Users\\PC\\anaconda3\\envs\\mlagents\\Scripts\\mlagents-learn config/comodo.yaml --run-id=Please1",
        "mlagents_version": "0.23.0",
        "mlagents_envs_version": "0.23.0",
        "communication_protocol_version": "1.3.0",
        "pytorch_version": "1.7.0+cu110",
        "numpy_version": "1.18.5",
        "end_time_seconds": "1611658003"
    },
    "total": 68.2643008,
    "count": 1,
    "self": 0.004756200000002764,
    "children": {
        "run_training.setup": {
            "total": 0.0059323000000000015,
            "count": 1,
            "self": 0.0059323000000000015
        },
        "TrainerController.start_learning": {
            "total": 68.2536123,
            "count": 1,
            "self": 0.24672839999996654,
            "children": {
                "TrainerController._reset_env": {
                    "total": 3.7789791,
                    "count": 1,
                    "self": 3.7789791
                },
                "TrainerController.advance": {
                    "total": 64.12896360000003,
                    "count": 15309,
                    "self": 0.13225729999962965,
                    "children": {
                        "env_step": {
                            "total": 63.996706300000405,
                            "count": 15309,
                            "self": 54.665464800000365,
                            "children": {
                                "SubprocessEnvManager._take_step": {
                                    "total": 9.189274700000208,
                                    "count": 15309,
                                    "self": 0.5429937000005935,
                                    "children": {
                                        "TorchPolicy.evaluate": {
                                            "total": 8.646280999999615,
                                            "count": 15294,
                                            "self": 1.8846735999995463,
                                            "children": {
                                                "TorchPolicy.sample_actions": {
                                                    "total": 6.761607400000068,
                                                    "count": 15294,
                                                    "self": 6.761607400000068
                                                }
                                            }
                                        }
                                    }
                                },
                                "workers": {
                                    "total": 0.1419667999998282,
                                    "count": 15308,
                                    "self": 0.0,
                                    "children": {
                                        "worker_root": {
                                            "total": 64.0957315999996,
                                            "count": 15308,
                                            "is_parallel": true,
                                            "self": 19.662404899999984,
                                            "children": {
                                                "steps_from_proto": {
                                                    "total": 0.0003744999999999443,
                                                    "count": 1,
                                                    "is_parallel": true,
                                                    "self": 8.960000000035606e-05,
                                                    "children": {
                                                        "_process_vector_observation": {
                                                            "total": 0.00028489999999958826,
                                                            "count": 10,
                                                            "is_parallel": true,
                                                            "self": 0.00028489999999958826
                                                        }
                                                    }
                                                },
                                                "UnityEnvironment.step": {
                                                    "total": 44.43295219999961,
                                                    "count": 15308,
                                                    "is_parallel": true,
                                                    "self": 1.012305600000012,