{
    "name": "root",
    "gauges": {
        "StandardConfig.Policy.Entropy.mean": {
            "value": 1.4323235750198364,
            "min": 1.419727087020874,
            "max": 1.4323235750198364,
            "count": 9
        },
        "StandardConfig.Policy.ExtrinsicValueEstimate.mean": {
            "value": -0.030986638739705086,
            "min": -0.07497484236955643,
            "max": 0.05880018696188927,
            "count": 9
        },
        "StandardConfig.Policy.CuriosityValueEstimate.mean": {
            "value": 0.39276185631752014,
            "min": 0.07167278975248337,
            "max": 0.7050118446350098,
            "count": 9
        },
        "StandardConfig.Losses.PolicyLoss.mean": {
            "value": 0.0046871507074683905,
            "min": 0.003221396977702777,
            "max": 0.006935630304117997,
            "count": 9
        },
        "StandardConfig.Losses.ValueLoss.mean": {
            "value": 0.008559593479731118,
            "min": 0.0009192022771458142,
            "max": 0.03853828599858389,
            "count": 9
        },
        "StandardConfig.Policy.LearningRate.mean": {
            "value": 0.0002994916156694614,
            "min": 0.0002994916156694614,
            "max": 0.00029996544001151997,
            "count": 9
        },
        "StandardConfig.Policy.Epsilon.mean": {
            "value": 0.1998305385,
            "min": 0.1998305385,
            "max": 0.19998848,
            "count": 9
        },
        "StandardConfig.Policy.Beta.mean": {
            "value": 0.09983055544615,
            "min": 0.09983055544615,
            "max": 0.099988481152,
            "count": 9
        },
        "StandardConfig.Losses.CuriosityForwardLoss.mean": {
            "value": 0.20112507541974387,
            "min": 0.11059593657652537,
            "max": 1.199435626467069,
            "count": 9
        },
        "StandardConfig.Losses.CuriosityInverseLoss.mean": {
            "value": 4.182249267896016,
            "min": 4.017231444517772,
            "max": 4.29689998626709,
            "count": 9
        },
        "StandardConfig.IsTraining.mean": {
            "value": 1.0,
            "min": 1.0,
            "max": 1.0,
            "count": 9
        },
        "StandardConfig.Environment.EpisodeLength.mean": {
            "value": 4752.0,
            "min": 2999.0,
            "max": 5088.5,
            "count": 7
        },
        "StandardConfig.Environment.CumulativeReward.mean": {
            "value": -1.75,
            "min": -2.0,
            "max": -1.75,
            "count": 7
        },
        "StandardConfig.Policy.ExtrinsicReward.mean": {
            "value": -1.75,
            "min": -2.0,
            "max": -1.75,
            "count": 7
        },
        "StandardConfig.Policy.CuriosityReward.mean": {
            "value": 15.953086003661156,
            "min": 5.518457606434822,
            "max": 40.77175202469031,
            "count": 7
        }
    },
    "metadata": {
        "timer_format_version": "0.1.0",
        "start_time_seconds": "1611681896",
        "python_version": "3.7.9 (default, Aug 31 2020, 17:10:11) [MSC v.1916 64 bit (AMD64)]",
        "command_line_arguments": "C:\\Users\\PC\\anaconda3\\envs\\mlagents\\Scripts\\mlagents-learn config/comodo.yaml --run-id=PleaseFINALFINAL15",
        "mlagents_version": "0.23.0",
        "mlagents_envs_version": "0.23.0",
        "communication_protocol_version": "1.3.0",
        "pytorch_version": "1.7.0+cu110",
        "numpy_version": "1.18.5",
        "end_time_seconds": "1611682095"
    },
    "total": 199.2875441,
    "count": 1,
    "self": 0.004200100000019802,
    "children": {
        "run_training.setup": {
            "total": 0.005812499999999998,
            "count": 1,
            "self": 0.005812499999999998
        },
        "TrainerController.start_learning": {
            "total": 199.27753149999998,
            "count": 1,
            "self": 0.3070284999991202,
            "children": {
                "TrainerController._reset_env": {
                    "total": 40.7544976,
                    "count": 1,
                    "self": 40.7544976
                },
                "TrainerController.advance": {
                    "total": 158.13296150000085,
                    "count": 16111,
                    "self": 0.15323260000093342,
                    "children": {
                        "env_step": {
                            "total": 157.9797288999999,
                            "count": 16111,
                            "self": 139.774184199999,
                            "children": {
                                "SubprocessEnvManager._take_step": {
                                    "total": 18.035455400001197,
                                    "count": 16111,
                                    "self": 0.7171449000006973,
                                    "children": {
                                        "TorchPolicy.evaluate": {
                                            "total": 17.3183105000005,
                                            "count": 16101,
                                            "self": 3.2292879000025607,
                                            "children": {
                                                "TorchPolicy.sample_actions": {
                                                    "total": 14.08902259999794,
                                                    "count": 16101,
                                                    "self": 14.08902259999794
                                                }
                                            }
                                        }
                                    }
                                },
                                "workers": {
                                    "total": 0.17008929999970235,
                                    "count": 16110,
                                    "self": 0.0,
                                    "children": {
                                        "worker_root": {
                                            "total": 158.09937760000028,
                                            "count": 16110,
                                            "is_parallel": true,
                                            "self": 36.88695960000115,
                                            "children": {
                                                "steps_from_proto": {
                                                    "total": 0.0005193000000005554,
                                                    "count": 1,
                                                    "is_parallel": true,
                                                    "self": 7.529999999178472e-05,
                                                    "children": {
                                                        "_process_vector_observation": {
                                                            "total": 0.0004440000000087707,
                                                            "count": 6,
                                                            "is_parallel": true,
                                                            "self": 0.0004440000000087707
                                                        }
                                                    }
                                                },
                                                "UnityEnvironment.step": {
                                                    "total": 121.21189869999914,
                                                    "count": 16110,
                                                    "is_parallel": true,
                                                    "self": 2.013079999999505,