{
    "name": "root",
    "gauges": {
        "StandardConfig.Policy.Entropy.mean": {
            "value": 1.4189382791519165,
            "min": 1.4189382791519165,
            "max": 1.4189382791519165,
            "count": 7
        },
        "StandardConfig.Policy.ExtrinsicValueEstimate.mean": {
            "value": 0.006147792097181082,
            "min": -0.02891058847308159,
            "max": 0.02280507981777191,
            "count": 7
        },
        "StandardConfig.Policy.CuriosityValueEstimate.mean": {
            "value": 0.03663411736488342,
            "min": 0.03663411736488342,
            "max": 0.05389193817973137,
            "count": 7
        },
        "StandardConfig.IsTraining.mean": {
            "value": 1.0,
            "min": 1.0,
            "max": 1.0,
            "count": 7
        },
        "StandardConfig.Environment.EpisodeLength.mean": {
            "value": 3333.0,
            "min": 3333.0,
            "max": 3333.0,
            "count": 1
        },
        "StandardConfig.Environment.CumulativeReward.mean": {
            "value": -4.508333916274401,
            "min": -4.508333916274401,
            "max": -4.508333916274401,
            "count": 1
        },
        "StandardConfig.Policy.ExtrinsicReward.mean": {
            "value": -4.508333916274401,
            "min": -4.508333916274401,
            "max": -4.508333916274401,
            "count": 1
        },
        "StandardConfig.Policy.CuriosityReward.mean": {
            "value": 0.0,
            "min": 0.0,
            "max": 0.0,
            "count": 1
        }
    },
    "metadata": {
        "timer_format_version": "0.1.0",
        "start_time_seconds": "1611741730",
        "python_version": "3.7.9 (default, Aug 31 2020, 17:10:11) [MSC v.1916 64 bit (AMD64)]",
        "command_line_arguments": "C:\\Users\\PC\\anaconda3\\envs\\mlagents\\Scripts\\mlagents-learn config/comodo.yaml --run-id=DAIII5",
        "mlagents_version": "0.23.0",
        "mlagents_envs_version": "0.23.0",
        "communication_protocol_version": "1.3.0",
        "pytorch_version": "1.7.0+cu110",
        "numpy_version": "1.18.5",
        "end_time_seconds": "1611741913"
    },
    "total": 182.5753732,
    "count": 1,
    "self": 0.00438540000001808,
    "children": {
        "run_training.setup": {
            "total": 0.006167699999999998,
            "count": 1,
            "self": 0.006167699999999998
        },
        "TrainerController.start_learning": {
            "total": 182.5648201,
            "count": 1,
            "self": 0.08522129999991535,
            "children": {
                "TrainerController._reset_env": {
                    "total": 3.2923233,
                    "count": 1,
                    "self": 3.2923233
                },
                "TrainerController.advance": {
                    "total": 179.11331220000008,
                    "count": 4796,
                    "self": 0.044225200000568066,
                    "children": {
                        "env_step": {
                            "total": 179.0690869999995,
                            "count": 4796,
                            "self": 169.7672331999988,
                            "children": {
                                "SubprocessEnvManager._take_step": {
                                    "total": 9.251817200000339,
                                    "count": 4796,
                                    "self": 0.23318710000009446,
                                    "children": {
                                        "TorchPolicy.evaluate": {
                                            "total": 9.018630100000244,
                                            "count": 4795,
                                            "self": 1.7041043000001563,
                                            "children": {
                                                "TorchPolicy.sample_actions": {
                                                    "total": 7.314525800000088,
                                                    "count": 4795,
                                                    "self": 7.314525800000088
                                                }
                                            }
                                        }
                                    }
                                },
                                "workers": {
                                    "total": 0.050036600000382236,
                                    "count": 4795,
                                    "self": 0.0,
                                    "children": {
                                        "worker_root": {
                                            "total": 179.10605049999958,
                                            "count": 4795,
                                            "is_parallel": true,
                                            "self": 15.36303629999918,
                                            "children": {
                                                "steps_from_proto": {
                                                    "total": 0.0014198999999996964,
                                                    "count": 1,
                                                    "is_parallel": true,
                                                    "self": 0.00010960000000048709,
                                                    "children": {
                                                        "_process_vector_observation": {
                                                            "total": 0.0013102999999992093,
                                                            "count": 6,
                                                            "is_parallel": true,
                                                            "self": 0.0013102999999992093
                                                        }
                                                    }
                                                },
                                                "UnityEnvironment.step": {
                                                    "total": 163.7415943000004,
                                                    "count": 4795,
                                                    "is_parallel": true,
                                                    "self": 1.2088451000002465,
                                                    "children": {
                                                        "UnityEnvironment._generate_step_input": {
                                                            "total": 1.0937050999994002,
                                                            "count": 4795,
                                                            "is_parallel": true,
                                                            "self": 1.0937050999994002
                                                        },
                                                        "communicator.exchange": {
                                                            "total": 155.225905,
                                                            "count": 4795,
                                                            "is_parallel": true,
                                                            "self": 155.225905
                                                        },
                                                        "steps_from_proto": {
                                                            "total": 6.2131391000007525,
                                                            "count": 4795,
                                                            "is_parallel": true,
                                                            "self": 0.38083850000159725,