{
    "name": "root",
    "gauges": {
        "StandardConfig.Policy.Entropy.mean": {
            "value": 1.4189382791519165,
            "min": 1.4189382791519165,
            "max": 1.4189382791519165,
            "count": 4
        },
        "StandardConfig.Policy.ExtrinsicValueEstimate.mean": {
            "value": 0.03881888464093208,
            "min": 0.037399958819150925,
            "max": 0.04799461364746094,
            "count": 4
        },
        "StandardConfig.Policy.CuriosityValueEstimate.mean": {
            "value": -0.02184673398733139,
            "min": -0.030503273010253906,
            "max": -0.02184673398733139,
            "count": 4
        },
        "StandardConfig.Environment.EpisodeLength.mean": {
            "value": 1611.3333333333333,
            "min": 325.0,
            "max": 4166.0,
            "count": 4
        },
        "StandardConfig.Environment.CumulativeReward.mean": {
            "value": -2.4911182448267937,
            "min": -4.51666609570384,
            "max": -1.2095016930252314,
            "count": 4
        },
        "StandardConfig.Policy.ExtrinsicReward.mean": {
            "value": -2.4911182448267937,
            "min": -4.51666609570384,
            "max": -1.2095016930252314,
            "count": 4
        },
        "StandardConfig.Policy.CuriosityReward.mean": {
            "value": 0.0,
            "min": 0.0,
            "max": 0.0,
            "count": 4
        },
        "StandardConfig.IsTraining.mean": {
            "value": 1.0,
            "min": 1.0,
            "max": 1.0,
            "count": 4
        }
    },
    "metadata": {
        "timer_format_version": "0.1.0",
        "start_time_seconds": "1611704489",
        "python_version": "3.7.9 (default, Aug 31 2020, 17:10:11) [MSC v.1916 64 bit (AMD64)]",
        "command_line_arguments": "C:\\Users\\PC\\anaconda3\\envs\\mlagents\\Scripts\\mlagents-learn config/comodo.yaml --run-id=NonCeLaFaccioPiu30",
        "mlagents_version": "0.23.0",
        "mlagents_envs_version": "0.23.0",
        "communication_protocol_version": "1.3.0",
        "pytorch_version": "1.7.0+cu110",
        "numpy_version": "1.18.5",
        "end_time_seconds": "1611704651"
    },
    "total": 161.87066819999998,
    "count": 1,
    "self": 0.004051999999973077,
    "children": {
        "run_training.setup": {
            "total": 0.006100500000000064,
            "count": 1,
            "self": 0.006100500000000064
        },
        "TrainerController.start_learning": {
            "total": 161.8605157,
            "count": 1,
            "self": 0.2346857999987435,
            "children": {
                "TrainerController._reset_env": {
                    "total": 4.2498412,
                    "count": 1,
                    "self": 4.2498412
                },
                "TrainerController.advance": {
                    "total": 157.30838890000126,
                    "count": 13631,
                    "self": 0.11617880000028435,
                    "children": {
                        "env_step": {
                            "total": 157.19221010000098,
                            "count": 13631,
                            "self": 144.72381180000076,
                            "children": {
                                "SubprocessEnvManager._take_step": {
                                    "total": 12.335466199999924,
                                    "count": 13631,
                                    "self": 0.5508095999991696,
                                    "children": {
                                        "TorchPolicy.evaluate": {
                                            "total": 11.784656600000755,
                                            "count": 13612,
                                            "self": 1.9057722000006905,
                                            "children": {
                                                "TorchPolicy.sample_actions": {
                                                    "total": 9.878884400000064,
                                                    "count": 13612,
                                                    "self": 9.878884400000064
                                                }
                                            }
                                        }
                                    }
                                },
                                "workers": {
                                    "total": 0.13293210000029543,
                                    "count": 13630,
                                    "self": 0.0,
                                    "children": {
                                        "worker_root": {
                                            "total": 155.03504169999928,
                                            "count": 13630,
                                            "is_parallel": true,
                                            "self": 22.668169799998026,
                                            "children": {
                                                "steps_from_proto": {
                                                    "total": 0.00044749999999993406,
                                                    "count": 1,
                                                    "is_parallel": true,
                                                    "self": 7.759999999912282e-05,
                                                    "children": {
                                                        "_process_vector_observation": {
                                                            "total": 0.00036990000000081125,
                                                            "count": 6,
                                                            "is_parallel": true,
                                                            "self": 0.00036990000000081125
                                                        }
                                                    }
                                                },
                                                "UnityEnvironment.step": {
                                                    "total": 132.36642440000125,
                                                    "count": 13630,
                                                    "is_parallel": true,
                                                    "self": 1.3889272000022288,
                                                    "children": {
                                                        "UnityEnvironment._generate_step_input": {
                                                            "total": 0.968538499998334,
                                                            "count": 13630,
                                                            "is_parallel": true,
                                                            "self": 0.968538499998334
                                                        },
                                                        "communicator.exchange": {
                                                            "total": 124.78261680000077,
                                                            "count": 13630,
                                                            "is_parallel": true,
                                                            "self": 124.78261680000077
                                                        },
                                                        "steps_from_proto": {
                                                            "total": 5.226341899999929,
                                                            "count": 13628,
                                                            "is_parallel": true,
                                                            "self": 0.9313072000000995,