{
    "name": "root",
    "metadata": {
        "timer_format_version": "0.1.0",
        "start_time_seconds": "1611706219",
        "python_version": "3.7.9 (default, Aug 31 2020, 17:10:11) [MSC v.1916 64 bit (AMD64)]",
        "command_line_arguments": "C:\\Users\\PC\\anaconda3\\envs\\mlagents\\Scripts\\mlagents-learn config/comodo.yaml --run-id=NonCeLaFaccioPiu38",
        "mlagents_version": "0.23.0",
        "mlagents_envs_version": "0.23.0",
        "communication_protocol_version": "1.3.0",
        "pytorch_version": "1.7.0+cu110",
        "numpy_version": "1.18.5",
        "end_time_seconds": "1611706236"
    },
    "total": 16.9121619,
    "count": 1,
    "self": 0.004030400000001322,
    "children": {
        "run_training.setup": {
            "total": 0.00608019999999998,
            "count": 1,
            "self": 0.00608019999999998
        },
        "TrainerController.start_learning": {
            "total": 16.9020513,
            "count": 1,
            "self": 0.005060100000001455,
            "children": {
                "TrainerController._reset_env": {
                    "total": 4.462936000000001,
                    "count": 1,
                    "self": 4.462936000000001
                },
                "TrainerController.advance": {
                    "total": 12.369946199999998,
                    "count": 178,
                    "self": 0.001447799999999333,
                    "children": {
                        "env_step": {
                            "total": 12.368498399999998,
                            "count": 178,
                            "self": 12.247469500000005,
                            "children": {
                                "SubprocessEnvManager._take_step": {
                                    "total": 0.11953649999999705,
                                    "count": 178,
                                    "self": 0.007321899999997328,
                                    "children": {
                                        "TorchPolicy.evaluate": {
                                            "total": 0.11221459999999972,
                                            "count": 178,
                                            "self": 0.02138069999999992,
                                            "children": {
                                                "TorchPolicy.sample_actions": {
                                                    "total": 0.0908338999999998,
                                                    "count": 178,
                                                    "self": 0.0908338999999998
                                                }
                                            }
                                        }
                                    }
                                },
                                "workers": {
                                    "total": 0.0014923999999973958,
                                    "count": 177,
                                    "self": 0.0,
                                    "children": {
                                        "worker_root": {
                                            "total": 3.5422518999999957,
                                            "count": 177,
                                            "is_parallel": true,
                                            "self": 0.26709570000000493,
                                            "children": {
                                                "steps_from_proto": {
                                                    "total": 0.0006070999999998605,
                                                    "count": 1,
                                                    "is_parallel": true,
                                                    "self": 7.95000000008983e-05,
                                                    "children": {
                                                        "_process_vector_observation": {
                                                            "total": 0.0005275999999989622,
                                                            "count": 6,
                                                            "is_parallel": true,
                                                            "self": 0.0005275999999989622
                                                        }
                                                    }
                                                },
                                                "UnityEnvironment.step": {
                                                    "total": 3.274549099999991,
                                                    "count": 177,
                                                    "is_parallel": true,
                                                    "self": 0.023925699999993277,
                                                    "children": {
                                                        "UnityEnvironment._generate_step_input": {
                                                            "total": 0.018214699999998807,
                                                            "count": 177,
                                                            "is_parallel": true,
                                                            "self": 0.018214699999998807
                                                        },
                                                        "communicator.exchange": {
                                                            "total": 3.141493799999995,
                                                            "count": 177,
                                                            "is_parallel": true,
                                                            "self": 3.141493799999995
                                                        },
                                                        "steps_from_proto": {
                                                            "total": 0.09091490000000402,
                                                            "count": 177,
                                                            "is_parallel": true,
                                                            "self": 0.012180700000004485,
                                                            "children": {
                                                                "_process_vector_observation": {
                                                                    "total": 0.07873419999999953,
                                                                    "count": 1062,
                                                                    "is_parallel": true,
                                                                    "self": 0.07873419999999953
                                                                }
                                                            }
                                                        }
                                                    }
                                                }
                                            }
                                        }
                                    }
                                }
                            }
                        }
                    }
                },
                "trainer_threads": {
                    "total": 1.4100000001349144e-05,
                    "count": 1,
                    "self": 1.4100000001349144e-05,
                    "children": {
                        "thread_root": {
                            "total": 0.0,
                            "count": 0,
                            "is_parallel": true,
                            "self": 0.0,
                            "children": {
                                "trainer_advance": {
                                    "total": 12.32887039999988,