{
    "name": "root",
    "metadata": {
        "timer_format_version": "0.1.0",
        "start_time_seconds": "1611608916",
        "python_version": "3.7.9 (default, Aug 31 2020, 17:10:11) [MSC v.1916 64 bit (AMD64)]",
        "command_line_arguments": "C:\\Users\\PC\\anaconda3\\envs\\mlagents\\Scripts\\mlagents-learn config/comodo.yaml --run-id=test5",
        "mlagents_version": "0.23.0",
        "mlagents_envs_version": "0.23.0",
        "communication_protocol_version": "1.3.0",
        "pytorch_version": "1.7.0+cu110",
        "numpy_version": "1.18.5",
        "end_time_seconds": "1611608941"
    },
    "total": 25.0337933,
    "count": 1,
    "self": 0.004355000000000331,
    "children": {
        "run_training.setup": {
            "total": 0.006303099999999895,
            "count": 1,
            "self": 0.006303099999999895
        },
        "TrainerController.start_learning": {
            "total": 25.0231352,
            "count": 1,
            "self": 0.047875400000094714,
            "children": {
                "TrainerController._reset_env": {
                    "total": 14.130503,
                    "count": 1,
                    "self": 14.130503
                },
                "TrainerController.advance": {
                    "total": 10.783550299999906,
                    "count": 3088,
                    "self": 0.02459299999981468,
                    "children": {
                        "env_step": {
                            "total": 10.758957300000091,
                            "count": 3088,
                            "self": 9.835786200000019,
                            "children": {
                                "SubprocessEnvManager._take_step": {
                                    "total": 0.8961667000000837,
                                    "count": 3088,
                                    "self": 0.0661712000000847,
                                    "children": {
                                        "TorchPolicy.evaluate": {
                                            "total": 0.829995499999999,
                                            "count": 1694,
                                            "self": 0.1855766999999986,
                                            "children": {
                                                "TorchPolicy.sample_actions": {
                                                    "total": 0.6444188000000004,
                                                    "count": 1694,
                                                    "self": 0.6444188000000004
                                                }
                                            }
                                        }
                                    }
                                },
                                "workers": {
                                    "total": 0.027004399999988493,
                                    "count": 3087,
                                    "self": 0.0,
                                    "children": {
                                        "worker_root": {
                                            "total": 10.774422999999937,
                                            "count": 3087,
                                            "is_parallel": true,
                                            "self": 2.657977199999875,
                                            "children": {
                                                "steps_from_proto": {
                                                    "total": 0.00029669999999981655,
                                                    "count": 1,
                                                    "is_parallel": true,
                                                    "self": 8.2900000000663e-05,
                                                    "children": {
                                                        "_process_vector_observation": {
                                                            "total": 0.00021379999999915356,
                                                            "count": 6,
                                                            "is_parallel": true,
                                                            "self": 0.00021379999999915356
                                                        }
                                                    }
                                                },
                                                "UnityEnvironment.step": {
                                                    "total": 8.116149100000062,
                                                    "count": 3087,
                                                    "is_parallel": true,
                                                    "self": 0.2056179000000995,
                                                    "children": {
                                                        "UnityEnvironment._generate_step_input": {
                                                            "total": 0.10252129999997273,
                                                            "count": 3087,
                                                            "is_parallel": true,
                                                            "self": 0.10252129999997273
                                                        },
                                                        "communicator.exchange": {
                                                            "total": 7.203289600000035,
                                                            "count": 3087,
                                                            "is_parallel": true,
                                                            "self": 7.203289600000035
                                                        },
                                                        "steps_from_proto": {
                                                            "total": 0.6047202999999541,
                                                            "count": 3087,
                                                            "is_parallel": true,
                                                            "self": 0.18365630000042898,
                                                            "children": {
                                                                "_process_vector_observation": {
                                                                    "total": 0.42106399999952515,
                                                                    "count": 18522,
                                                                    "is_parallel": true,
                                                                    "self": 0.42106399999952515
                                                                }
                                                            }
                                                        }
                                                    }
                                                }
                                            }
                                        }
                                    }
                                }
                            }
                        }
                    }
                },
                "trainer_threads": {
                    "total": 1.4900000000039881e-05,
                    "count": 1,
                    "self": 1.4900000000039881e-05,
                    "children": {
                        "thread_root": {
                            "total": 0.0,
                            "count": 0,
                            "is_parallel": true,
                            "self": 0.0,
                            "children": {
                                "trainer_advance": {
                                    "total": 10.782611400000023,