{
    "name": "root",
    "metadata": {
        "timer_format_version": "0.1.0",
        "start_time_seconds": "1611609085",
        "python_version": "3.7.9 (default, Aug 31 2020, 17:10:11) [MSC v.1916 64 bit (AMD64)]",
        "command_line_arguments": "C:\\Users\\PC\\anaconda3\\envs\\mlagents\\Scripts\\mlagents-learn config/comodo.yaml --run-id=test8",
        "mlagents_version": "0.23.0",
        "mlagents_envs_version": "0.23.0",
        "communication_protocol_version": "1.3.0",
        "pytorch_version": "1.7.0+cu110",
        "numpy_version": "1.18.5",
        "end_time_seconds": "1611609133"
    },
    "total": 48.243465900000004,
    "count": 1,
    "self": 0.004220300000000066,
    "children": {
        "run_training.setup": {
            "total": 0.006415300000000013,
            "count": 1,
            "self": 0.006415300000000013
        },
        "TrainerController.start_learning": {
            "total": 48.2328303,
            "count": 1,
            "self": 0.19616969999967182,
            "children": {
                "TrainerController._reset_env": {
                    "total": 3.596883,
                    "count": 1,
                    "self": 3.596883
                },
                "TrainerController.advance": {
                    "total": 44.317103300000326,
                    "count": 11047,
                    "self": 0.09862800000024663,
                    "children": {
                        "env_step": {
                            "total": 44.21847530000008,
                            "count": 11047,
                            "self": 37.08275340000021,
                            "children": {
                                "SubprocessEnvManager._take_step": {
                                    "total": 7.025756099999875,
                                    "count": 11047,
                                    "self": 0.44623199999982077,
                                    "children": {
                                        "TorchPolicy.evaluate": {
                                            "total": 6.579524100000055,
                                            "count": 11041,
                                            "self": 1.4808016000002215,
                                            "children": {
                                                "TorchPolicy.sample_actions": {
                                                    "total": 5.098722499999833,
                                                    "count": 11041,
                                                    "self": 5.098722499999833
                                                }
                                            }
                                        }
                                    }
                                },
                                "workers": {
                                    "total": 0.10996579999999678,
                                    "count": 11046,
                                    "self": 0.0,
                                    "children": {
                                        "worker_root": {
                                            "total": 44.29713410000016,
                                            "count": 11046,
                                            "is_parallel": true,
                                            "self": 14.417890300000245,
                                            "children": {
                                                "steps_from_proto": {
                                                    "total": 0.0002889999999999837,
                                                    "count": 1,
                                                    "is_parallel": true,
                                                    "self": 7.460000000003575e-05,
                                                    "children": {
                                                        "_process_vector_observation": {
                                                            "total": 0.00021439999999994797,
                                                            "count": 6,
                                                            "is_parallel": true,
                                                            "self": 0.00021439999999994797
                                                        }
                                                    }
                                                },
                                                "UnityEnvironment.step": {
                                                    "total": 29.878954799999914,
                                                    "count": 11046,
                                                    "is_parallel": true,
                                                    "self": 0.6987445000000712,
                                                    "children": {
                                                        "UnityEnvironment._generate_step_input": {
                                                            "total": 0.5074470999996752,
                                                            "count": 11046,
                                                            "is_parallel": true,
                                                            "self": 0.5074470999996752
                                                        },
                                                        "communicator.exchange": {
                                                            "total": 26.402512300000346,
                                                            "count": 11046,
                                                            "is_parallel": true,
                                                            "self": 26.402512300000346
                                                        },
                                                        "steps_from_proto": {
                                                            "total": 2.270250899999823,
                                                            "count": 11046,
                                                            "is_parallel": true,
                                                            "self": 0.6894646000001798,
                                                            "children": {
                                                                "_process_vector_observation": {
                                                                    "total": 1.5807862999996432,
                                                                    "count": 66276,
                                                                    "is_parallel": true,
                                                                    "self": 1.5807862999996432
                                                                }
                                                            }
                                                        }
                                                    }
                                                }
                                            }
                                        }
                                    }
                                }
                            }
                        }
                    }
                },
                "trainer_threads": {
                    "total": 1.880000000653581e-05,
                    "count": 1,
                    "self": 1.880000000653581e-05,
                    "children": {
                        "thread_root": {
                            "total": 0.0,
                            "count": 0,
                            "is_parallel": true,
                            "self": 0.0,
                            "children": {
                                "trainer_advance": {
                                    "total": 44.31387359999956,