{
    "name": "root",
    "gauges": {
        "MyBehavior.Policy.Entropy.mean": {
            "value": 1.4053622484207153,
            "min": 1.4053622484207153,
            "max": 1.4173107147216797,
            "count": 5
        },
        "MyBehavior.Policy.ExtrinsicValueEstimate.mean": {
            "value": -0.12474580109119415,
            "min": -0.26312941312789917,
            "max": -0.12474580109119415,
            "count": 5
        },
        "MyBehavior.Environment.EpisodeLength.mean": {
            "value": 762.0166666666667,
            "min": 456.41975308641975,
            "max": 869.0819672131148,
            "count": 5
        },
        "MyBehavior.Environment.CumulativeReward.mean": {
            "value": -0.7285681031062268,
            "min": -1.413322256334747,
            "max": -0.7285681031062268,
            "count": 5
        },
        "MyBehavior.Policy.ExtrinsicReward.mean": {
            "value": -0.7285681031062268,
            "min": -1.413322256334747,
            "max": -0.7285681031062268,
            "count": 5
        },
        "MyBehavior.Losses.PolicyLoss.mean": {
            "value": 0.022448106710410986,
            "min": 0.021497699653652183,
            "max": 0.024926530699400852,
            "count": 5
        },
        "MyBehavior.Losses.ValueLoss.mean": {
            "value": 0.0023796539815763634,
            "min": 0.0023796539815763634,
            "max": 0.007863524542578186,
            "count": 5
        },
        "MyBehavior.Policy.LearningRate.mean": {
            "value": 0.00016445296518236002,
            "min": 0.00016445296518236002,
            "max": 0.0002846014551328499,
            "count": 5
        },
        "MyBehavior.Policy.Epsilon.mean": {
            "value": 0.15481764000000003,
            "min": 0.15481764000000003,
            "max": 0.19486715000000002,
            "count": 5
        },
        "MyBehavior.Policy.Beta.mean": {
            "value": 0.002745400236,
            "min": 0.002745400236,
            "max": 0.004743870785,
            "count": 5
        },
        "MyBehavior.IsTraining.mean": {
            "value": 1.0,
            "min": 1.0,
            "max": 1.0,
            "count": 5
        }
    },
    "metadata": {
        "timer_format_version": "0.1.0",
        "start_time_seconds": "1611613013",
        "python_version": "3.7.9 (default, Aug 31 2020, 17:10:11) [MSC v.1916 64 bit (AMD64)]",
        "command_line_arguments": "C:\\Users\\PC\\anaconda3\\envs\\mlagents\\Scripts\\mlagents-learn config/comodo.yaml --run-id=test28",
        "mlagents_version": "0.23.0",
        "mlagents_envs_version": "0.23.0",
        "communication_protocol_version": "1.3.0",
        "pytorch_version": "1.7.0+cu110",
        "numpy_version": "1.18.5",
        "end_time_seconds": "1611613309"
    },
    "total": 296.7544017,
    "count": 1,
    "self": 0.004708400000026813,
    "children": {
        "run_training.setup": {
            "total": 0.006418299999999988,
            "count": 1,
            "self": 0.006418299999999988
        },
        "TrainerController.start_learning": {
            "total": 296.743275,
            "count": 1,
            "self": 0.49094990000145344,
            "children": {
                "TrainerController._reset_env": {
                    "total": 4.338380399999999,
                    "count": 1,
                    "self": 4.338380399999999
                },
                "TrainerController.advance": {
                    "total": 291.84994639999854,
                    "count": 23616,
                    "self": 0.2675195999983089,
                    "children": {
                        "env_step": {
                            "total": 291.58242680000023,
                            "count": 23616,
                            "self": 247.6553146000004,
                            "children": {
                                "SubprocessEnvManager._take_step": {
                                    "total": 43.63959050000045,
                                    "count": 23616,
                                    "self": 1.2949191000003282,
                                    "children": {
                                        "TorchPolicy.evaluate": {
                                            "total": 42.344671400000124,
                                            "count": 23384,
                                            "self": 7.641845199998457,
                                            "children": {
                                                "TorchPolicy.sample_actions": {
                                                    "total": 34.70282620000167,
                                                    "count": 23384,
                                                    "self": 34.70282620000167
                                                }
                                            }
                                        }
                                    }
                                },
                                "workers": {
                                    "total": 0.28752169999940413,
                                    "count": 23615,
                                    "self": 0.0,
                                    "children": {
                                        "worker_root": {
                                            "total": 291.7267111999979,
                                            "count": 23615,
                                            "is_parallel": true,
                                            "self": 74.60227839999499,
                                            "children": {
                                                "steps_from_proto": {
                                                    "total": 0.0012911999999998258,
                                                    "count": 1,
                                                    "is_parallel": true,
                                                    "self": 0.00012049999999863559,
                                                    "children": {
                                                        "_process_vector_observation": {
                                                            "total": 0.0011707000000011902,
                                                            "count": 10,
                                                            "is_parallel": true,
                                                            "self": 0.0011707000000011902
                                                        }
                                                    }
                                                },
                                                "UnityEnvironment.step": {
                                                    "total": 217.12314160000292,
                                                    "count": 23615,
                                                    "is_parallel": true,
                                                    "self": 6.931364399998586,
                                                    "children": {
                                                        "UnityEnvironment._generate_step_input": {
                                                            "total": 5.043284500000661,
                                                            "count": 23615,
                                                            "is_parallel": true,
                                                            "self": 5.043284500000661
                                                        },
                                                        "communicator.exchange": {
                                                            "total": 174.05470020000288,
                                                            "count": 23615,
                                                            "is_parallel": true,