{
    "name": "root",
    "metadata": {
        "timer_format_version": "0.1.0",
        "start_time_seconds": "1611617885",
        "python_version": "3.7.9 (default, Aug 31 2020, 17:10:11) [MSC v.1916 64 bit (AMD64)]",
        "command_line_arguments": "C:\\Users\\PC\\anaconda3\\envs\\mlagents\\Scripts\\mlagents-learn config/comodo.yaml --run-id=FINAL3",
        "mlagents_version": "0.23.0",
        "mlagents_envs_version": "0.23.0",
        "communication_protocol_version": "1.3.0",
        "pytorch_version": "1.7.0+cu110",
        "numpy_version": "1.18.5",
        "end_time_seconds": "1611617937"
    },
    "total": 52.609731599999996,
    "count": 1,
    "self": 0.0043038999999964744,
    "children": {
        "run_training.setup": {
            "total": 0.0061955000000000204,
            "count": 1,
            "self": 0.0061955000000000204
        },
        "TrainerController.start_learning": {
            "total": 52.5992322,
            "count": 1,
            "self": 0.1273069999999521,
            "children": {
                "TrainerController._reset_env": {
                    "total": 3.8911891999999995,
                    "count": 1,
                    "self": 3.8911891999999995
                },
                "TrainerController.advance": {
                    "total": 48.502711500000046,
                    "count": 7141,
                    "self": 0.06825739999991498,
                    "children": {
                        "env_step": {
                            "total": 48.43445410000013,
                            "count": 7141,
                            "self": 42.475009500000105,
                            "children": {
                                "SubprocessEnvManager._take_step": {
                                    "total": 5.887021199999977,
                                    "count": 7141,
                                    "self": 0.29040879999993674,
                                    "children": {
                                        "TorchPolicy.evaluate": {
                                            "total": 5.596612400000041,
                                            "count": 7127,
                                            "self": 1.0933114999999054,
                                            "children": {
                                                "TorchPolicy.sample_actions": {
                                                    "total": 4.503300900000135,
                                                    "count": 7127,
                                                    "self": 4.503300900000135
                                                }
                                            }
                                        }
                                    }
                                },
                                "workers": {
                                    "total": 0.07242340000005054,
                                    "count": 7140,
                                    "self": 0.0,
                                    "children": {
                                        "worker_root": {
                                            "total": 48.47348790000009,
                                            "count": 7140,
                                            "is_parallel": true,
                                            "self": 11.59138460000014,
                                            "children": {
                                                "steps_from_proto": {
                                                    "total": 0.0005825000000001523,
                                                    "count": 1,
                                                    "is_parallel": true,
                                                    "self": 9.759999999969793e-05,
                                                    "children": {
                                                        "_process_vector_observation": {
                                                            "total": 0.0004849000000004544,
                                                            "count": 10,
                                                            "is_parallel": true,
                                                            "self": 0.0004849000000004544
                                                        }
                                                    }
                                                },
                                                "UnityEnvironment.step": {
                                                    "total": 36.88152079999995,
                                                    "count": 7140,
                                                    "is_parallel": true,
                                                    "self": 0.7955550999993761,
                                                    "children": {
                                                        "UnityEnvironment._generate_step_input": {
                                                            "total": 0.5286055000005003,
                                                            "count": 7140,
                                                            "is_parallel": true,
                                                            "self": 0.5286055000005003
                                                        },
                                                        "communicator.exchange": {
                                                            "total": 32.02455160000005,
                                                            "count": 7140,
                                                            "is_parallel": true,
                                                            "self": 32.02455160000005
                                                        },
                                                        "steps_from_proto": {
                                                            "total": 3.5328086000000183,
                                                            "count": 7140,
                                                            "is_parallel": true,
                                                            "self": 0.6252815000005127,
                                                            "children": {
                                                                "_process_vector_observation": {
                                                                    "total": 2.9075270999995055,
                                                                    "count": 71400,
                                                                    "is_parallel": true,
                                                                    "self": 2.9075270999995055
                                                                }
                                                            }
                                                        }
                                                    }
                                                }
                                            }
                                        }
                                    }
                                }
                            }
                        }
                    }
                },
                "trainer_threads": {
                    "total": 2.4500000002092293e-05,
                    "count": 1,
                    "self": 2.4500000002092293e-05,
                    "children": {
                        "thread_root": {
                            "total": 0.0,
                            "count": 0,
                            "is_parallel": true,
                            "self": 0.0,
                            "children": {
                                "trainer_advance": {
                                    "total": 48.42560500000059,