{
    "name": "root",
    "gauges": {
        "MyBehavior.Policy.Entropy.mean": {
            "value": 1.4096145629882812,
            "min": 1.4096145629882812,
            "max": 1.4163874387741089,
            "count": 3
        },
        "MyBehavior.Policy.ExtrinsicValueEstimate.mean": {
            "value": -0.05140523612499237,
            "min": -0.05140523612499237,
            "max": 0.12436491250991821,
            "count": 3
        },
        "MyBehavior.Environment.EpisodeLength.mean": {
            "value": 1441.909090909091,
            "min": 1441.909090909091,
            "max": 3065.8,
            "count": 3
        },
        "MyBehavior.Environment.CumulativeReward.mean": {
            "value": -1.7209125996397978,
            "min": -4.166454132956763,
            "max": -1.7209125996397978,
            "count": 3
        },
        "MyBehavior.Policy.ExtrinsicReward.mean": {
            "value": -1.7209125996397978,
            "min": -4.166454132956763,
            "max": -1.7209125996397978,
            "count": 3
        },
        "MyBehavior.Losses.PolicyLoss.mean": {
            "value": 0.018977887636671464,
            "min": 0.018977887636671464,
            "max": 0.027943716412604166,
            "count": 3
        },
        "MyBehavior.Losses.ValueLoss.mean": {
            "value": 0.002865557133530577,
            "min": 0.002865557133530577,
            "max": 0.00793728075417069,
            "count": 3
        },
        "MyBehavior.Policy.LearningRate.mean": {
            "value": 0.00022596926467692005,
            "min": 0.00022596926467692005,
            "max": 0.00028456905514365,
            "count": 3
        },
        "MyBehavior.Policy.Epsilon.mean": {
            "value": 0.17532308000000002,
            "min": 0.17532308000000002,
            "max": 0.19485634999999996,
            "count": 3
        },
        "MyBehavior.Policy.Beta.mean": {
            "value": 0.003768621692,
            "min": 0.003768621692,
            "max": 0.004743331864999999,
            "count": 3
        },
        "MyBehavior.IsTraining.mean": {
            "value": 1.0,
            "min": 1.0,
            "max": 1.0,
            "count": 3
        }
    },
    "metadata": {
        "timer_format_version": "0.1.0",
        "start_time_seconds": "1611617042",
        "python_version": "3.7.9 (default, Aug 31 2020, 17:10:11) [MSC v.1916 64 bit (AMD64)]",
        "command_line_arguments": "C:\\Users\\PC\\anaconda3\\envs\\mlagents\\Scripts\\mlagents-learn config/comodo.yaml --run-id=FINAL",
        "mlagents_version": "0.23.0",
        "mlagents_envs_version": "0.23.0",
        "communication_protocol_version": "1.3.0",
        "pytorch_version": "1.7.0+cu110",
        "numpy_version": "1.18.5",
        "end_time_seconds": "1611617431"
    },
    "total": 388.97963550000003,
    "count": 1,
    "self": 0.005042700000046807,
    "children": {
        "run_training.setup": {
            "total": 0.006446900000000033,
            "count": 1,
            "self": 0.006446900000000033
        },
        "TrainerController.start_learning": {
            "total": 388.96814589999997,
            "count": 1,
            "self": 0.8948032999966244,
            "children": {
                "TrainerController._reset_env": {
                    "total": 4.651587500000001,
                    "count": 1,
                    "self": 4.651587500000001
                },
                "TrainerController.advance": {
                    "total": 383.3140113000033,
                    "count": 48621,
                    "self": 0.45442330000662423,
                    "children": {
                        "env_step": {
                            "total": 382.8595879999967,
                            "count": 48621,
                            "self": 336.21041239999767,
                            "children": {
                                "SubprocessEnvManager._take_step": {
                                    "total": 46.139766999999864,
                                    "count": 48621,
                                    "self": 2.0787054999987618,
                                    "children": {
                                        "TorchPolicy.evaluate": {
                                            "total": 44.0610615000011,
                                            "count": 48561,
                                            "self": 8.359316800002219,
                                            "children": {
                                                "TorchPolicy.sample_actions": {
                                                    "total": 35.70174469999888,
                                                    "count": 48561,
                                                    "self": 35.70174469999888
                                                }
                                            }
                                        }
                                    }
                                },
                                "workers": {
                                    "total": 0.5094085999991353,
                                    "count": 48620,
                                    "self": 0.0,
                                    "children": {
                                        "worker_root": {
                                            "total": 383.162684800006,
                                            "count": 48620,
                                            "is_parallel": true,
                                            "self": 87.6449146000063,
                                            "children": {
                                                "steps_from_proto": {
                                                    "total": 0.0007206999999995745,
                                                    "count": 1,
                                                    "is_parallel": true,
                                                    "self": 0.00011079999999985546,
                                                    "children": {
                                                        "_process_vector_observation": {
                                                            "total": 0.000609899999999719,
                                                            "count": 10,
                                                            "is_parallel": true,
                                                            "self": 0.000609899999999719
                                                        }
                                                    }
                                                },
                                                "UnityEnvironment.step": {
                                                    "total": 295.5170494999997,
                                                    "count": 48620,
                                                    "is_parallel": true,
                                                    "self": 6.417790400004776,
                                                    "children": {
                                                        "UnityEnvironment._generate_step_input": {
                                                            "total": 4.3833322000004316,
                                                            "count": 48620,
                                                            "is_parallel": true,
                                                            "self": 4.3833322000004316
                                                        },
                                                        "communicator.exchange": {
                                                            "total": 255.8753385999968,
                                                            "count": 48620,
                                                            "is_parallel": true,