{
    "name": "root",
    "metadata": {
        "timer_format_version": "0.1.0",
        "start_time_seconds": "1611611616",
        "python_version": "3.7.9 (default, Aug 31 2020, 17:10:11) [MSC v.1916 64 bit (AMD64)]",
        "command_line_arguments": "C:\\Users\\PC\\anaconda3\\envs\\mlagents\\Scripts\\mlagents-learn config/comodo.yaml --run-id=test21",
        "mlagents_version": "0.23.0",
        "mlagents_envs_version": "0.23.0",
        "communication_protocol_version": "1.3.0",
        "pytorch_version": "1.7.0+cu110",
        "numpy_version": "1.18.5",
        "end_time_seconds": "1611611773"
    },
    "total": 156.9826986,
    "count": 1,
    "self": 0.004417599999982258,
    "children": {
        "run_training.setup": {
            "total": 0.0063814000000000926,
            "count": 1,
            "self": 0.0063814000000000926
        },
        "TrainerController.start_learning": {
            "total": 156.9718996,
            "count": 1,
            "self": 0.6200318999987076,
            "children": {
                "TrainerController._reset_env": {
                    "total": 4.7343335,
                    "count": 1,
                    "self": 4.7343335
                },
                "TrainerController.advance": {
                    "total": 151.5176196000013,
                    "count": 35115,
                    "self": 0.3201436999993348,
                    "children": {
                        "env_step": {
                            "total": 151.19747590000196,
                            "count": 35115,
                            "self": 128.78314620000208,
                            "children": {
                                "SubprocessEnvManager._take_step": {
                                    "total": 22.07247459999906,
                                    "count": 35115,
                                    "self": 1.4236594999993244,
                                    "children": {
                                        "TorchPolicy.evaluate": {
                                            "total": 20.648815099999737,
                                            "count": 35077,
                                            "self": 4.5408089000010605,
                                            "children": {
                                                "TorchPolicy.sample_actions": {
                                                    "total": 16.108006199998677,
                                                    "count": 35077,
                                                    "self": 16.108006199998677
                                                }
                                            }
                                        }
                                    }
                                },
                                "workers": {
                                    "total": 0.3418551000008323,
                                    "count": 35114,
                                    "self": 0.0,
                                    "children": {
                                        "worker_root": {
                                            "total": 149.59077090000062,
                                            "count": 35114,
                                            "is_parallel": true,
                                            "self": 46.00415430000072,
                                            "children": {
                                                "steps_from_proto": {
                                                    "total": 0.00034810000000007335,
                                                    "count": 1,
                                                    "is_parallel": true,
                                                    "self": 8.269999999921396e-05,
                                                    "children": {
                                                        "_process_vector_observation": {
                                                            "total": 0.0002654000000008594,
                                                            "count": 10,
                                                            "is_parallel": true,
                                                            "self": 0.0002654000000008594
                                                        }
                                                    }
                                                },
                                                "UnityEnvironment.step": {
                                                    "total": 103.5862684999999,
                                                    "count": 35114,
                                                    "is_parallel": true,
                                                    "self": 2.3598526999978304,
                                                    "children": {
                                                        "UnityEnvironment._generate_step_input": {
                                                            "total": 1.6159177999999539,
                                                            "count": 35114,
                                                            "is_parallel": true,
                                                            "self": 1.6159177999999539
                                                        },
                                                        "communicator.exchange": {
                                                            "total": 89.42190630000056,
                                                            "count": 35114,
                                                            "is_parallel": true,
                                                            "self": 89.42190630000056
                                                        },
                                                        "steps_from_proto": {
                                                            "total": 10.18859170000157,
                                                            "count": 35112,
                                                            "is_parallel": true,
                                                            "self": 2.72774430000257,
                                                            "children": {
                                                                "_process_vector_observation": {
                                                                    "total": 7.460847399999,
                                                                    "count": 351120,
                                                                    "is_parallel": true,
                                                                    "self": 7.460847399999
                                                                }
                                                            }
                                                        }
                                                    }
                                                }
                                            }
                                        }
                                    }
                                }
                            }
                        }
                    }
                },
                "trainer_threads": {
                    "total": 2.200000000129876e-05,
                    "count": 1,
                    "self": 2.200000000129876e-05,
                    "children": {
                        "thread_root": {
                            "total": 0.0,
                            "count": 0,
                            "is_parallel": true,
                            "self": 0.0,
                            "children": {
                                "trainer_advance": {
                                    "total": 151.46122880000075,