{
    "name": "root",
    "gauges": {
        "MyBehavior.Policy.Entropy.mean": {
            "value": 1.4128384590148926,
            "min": 1.4128384590148926,
            "max": 1.417089581489563,
            "count": 2
        },
        "MyBehavior.Policy.ExtrinsicValueEstimate.mean": {
            "value": -0.02749883197247982,
            "min": -0.02749883197247982,
            "max": 0.05309232324361801,
            "count": 2
        },
        "MyBehavior.Environment.EpisodeLength.mean": {
            "value": 998.8260869565217,
            "min": 697.4558823529412,
            "max": 998.8260869565217,
            "count": 2
        },
        "MyBehavior.Environment.CumulativeReward.mean": {
            "value": -1.5537760576648314,
            "min": -1.715259355965399,
            "max": -1.5537760576648314,
            "count": 2
        },
        "MyBehavior.Policy.ExtrinsicReward.mean": {
            "value": -1.5537760576648314,
            "min": -1.715259355965399,
            "max": -1.5537760576648314,
            "count": 2
        },
        "MyBehavior.Losses.PolicyLoss.mean": {
            "value": 0.022909802404853203,
            "min": 0.022909802404853203,
            "max": 0.024888929196943837,
            "count": 2
        },
        "MyBehavior.Losses.ValueLoss.mean": {
            "value": 0.004294005006086081,
            "min": 0.004294005006086081,
            "max": 0.012396536437639345,
            "count": 2
        },
        "MyBehavior.Policy.LearningRate.mean": {
            "value": 0.00025689829436724003,
            "min": 0.00025689829436724003,
            "max": 0.00028461180512939993,
            "count": 2
        },
        "MyBehavior.Policy.Epsilon.mean": {
            "value": 0.18563275999999998,
            "min": 0.18563275999999998,
            "max": 0.19487060000000003,
            "count": 2
        },
        "MyBehavior.Policy.Beta.mean": {
            "value": 0.004283074724000001,
            "min": 0.004283074724000001,
            "max": 0.004744042939999999,
            "count": 2
        },
        "MyBehavior.IsTraining.mean": {
            "value": 1.0,
            "min": 1.0,
            "max": 1.0,
            "count": 2
        }
    },
    "metadata": {
        "timer_format_version": "0.1.0",
        "start_time_seconds": "1611617981",
        "python_version": "3.7.9 (default, Aug 31 2020, 17:10:11) [MSC v.1916 64 bit (AMD64)]",
        "command_line_arguments": "C:\\Users\\PC\\anaconda3\\envs\\mlagents\\Scripts\\mlagents-learn config/comodo.yaml --run-id=FINAL4",
        "mlagents_version": "0.23.0",
        "mlagents_envs_version": "0.23.0",
        "communication_protocol_version": "1.3.0",
        "pytorch_version": "1.7.0+cu110",
        "numpy_version": "1.18.5",
        "end_time_seconds": "1611618328"
    },
    "total": 346.5805075,
    "count": 1,
    "self": 0.005562099999963266,
    "children": {
        "run_training.setup": {
            "total": 0.005956199999999967,
            "count": 1,
            "self": 0.005956199999999967
        },
        "TrainerController.start_learning": {
            "total": 346.56898920000003,
            "count": 1,
            "self": 0.8560172000028388,
            "children": {
                "TrainerController._reset_env": {
                    "total": 14.543895899999999,
                    "count": 1,
                    "self": 14.543895899999999
                },
                "TrainerController.advance": {
                    "total": 331.0799202999972,
                    "count": 46737,
                    "self": 0.4474604999954295,
                    "children": {
                        "env_step": {
                            "total": 330.63245980000175,
                            "count": 46737,
                            "self": 290.1272484000069,
                            "children": {
                                "SubprocessEnvManager._take_step": {
                                    "total": 40.01680139999561,
                                    "count": 46737,
                                    "self": 1.9507644999913722,
                                    "children": {
                                        "TorchPolicy.evaluate": {
                                            "total": 38.066036900004235,
                                            "count": 46644,
                                            "self": 7.597166000001707,
                                            "children": {
                                                "TorchPolicy.sample_actions": {
                                                    "total": 30.46887090000253,
                                                    "count": 46644,
                                                    "self": 30.46887090000253
                                                }
                                            }
                                        }
                                    }
                                },
                                "workers": {
                                    "total": 0.48840999999923085,
                                    "count": 46736,
                                    "self": 0.0,
                                    "children": {
                                        "worker_root": {
                                            "total": 330.9258992999967,
                                            "count": 46736,
                                            "is_parallel": true,
                                            "self": 78.20469129999506,
                                            "children": {
                                                "steps_from_proto": {
                                                    "total": 0.0005260000000006926,
                                                    "count": 1,
                                                    "is_parallel": true,
                                                    "self": 9.12000000035107e-05,
                                                    "children": {
                                                        "_process_vector_observation": {
                                                            "total": 0.0004347999999971819,
                                                            "count": 10,
                                                            "is_parallel": true,
                                                            "self": 0.0004347999999971819
                                                        }
                                                    }
                                                },
                                                "UnityEnvironment.step": {
                                                    "total": 252.7206820000016,
                                                    "count": 46736,
                                                    "is_parallel": true,
                                                    "self": 5.327026399994537,
                                                    "children": {
                                                        "UnityEnvironment._generate_step_input": {
                                                            "total": 3.5780368000054743,
                                                            "count": 46736,
                                                            "is_parallel": true,
                                                            "self": 3.5780368000054743
                                                        },
                                                        "communicator.exchange": {
                                                            "total": 220.2984053000004,
                                                            "count": 46736,
                                                            "is_parallel": true,