{
    "name": "root",
    "metadata": {
        "timer_format_version": "0.1.0",
        "start_time_seconds": "1611697557",
        "python_version": "3.7.9 (default, Aug 31 2020, 17:10:11) [MSC v.1916 64 bit (AMD64)]",
        "command_line_arguments": "C:\\Users\\PC\\anaconda3\\envs\\mlagents\\Scripts\\mlagents-learn config/comodo.yaml --run-id=NonCeLaFaccioPiu22",
        "mlagents_version": "0.23.0",
        "mlagents_envs_version": "0.23.0",
        "communication_protocol_version": "1.3.0",
        "pytorch_version": "1.7.0+cu110",
        "numpy_version": "1.18.5",
        "end_time_seconds": "1611697585"
    },
    "total": 27.4600555,
    "count": 1,
    "self": 0.004976100000000372,
    "children": {
        "run_training.setup": {
            "total": 0.00685429999999998,
            "count": 1,
            "self": 0.00685429999999998
        },
        "TrainerController.start_learning": {
            "total": 27.4482251,
            "count": 1,
            "self": 0.02117509999999001,
            "children": {
                "TrainerController._reset_env": {
                    "total": 4.3882104,
                    "count": 1,
                    "self": 4.3882104
                },
                "TrainerController.advance": {
                    "total": 22.961861200000005,
                    "count": 987,
                    "self": 0.010163699999989007,
                    "children": {
                        "env_step": {
                            "total": 22.951697500000016,
                            "count": 987,
                            "self": 21.753276900000095,
                            "children": {
                                "SubprocessEnvManager._take_step": {
                                    "total": 1.187449599999967,
                                    "count": 987,
                                    "self": 0.050359799999935895,
                                    "children": {
                                        "TorchPolicy.evaluate": {
                                            "total": 1.1370898000000311,
                                            "count": 984,
                                            "self": 0.24710790000003247,
                                            "children": {
                                                "TorchPolicy.sample_actions": {
                                                    "total": 0.8899818999999987,
                                                    "count": 984,
                                                    "self": 0.8899818999999987
                                                }
                                            }
                                        }
                                    }
                                },
                                "workers": {
                                    "total": 0.010970999999954323,
                                    "count": 986,
                                    "self": 0.0,
                                    "children": {
                                        "worker_root": {
                                            "total": 22.95823450000002,
                                            "count": 986,
                                            "is_parallel": true,
                                            "self": 2.4880251000000406,
                                            "children": {
                                                "steps_from_proto": {
                                                    "total": 0.00076110000000007,
                                                    "count": 1,
                                                    "is_parallel": true,
                                                    "self": 8.09999999997757e-05,
                                                    "children": {
                                                        "_process_vector_observation": {
                                                            "total": 0.0006801000000002944,
                                                            "count": 6,
                                                            "is_parallel": true,
                                                            "self": 0.0006801000000002944
                                                        }
                                                    }
                                                },
                                                "UnityEnvironment.step": {
                                                    "total": 20.469448299999982,
                                                    "count": 986,
                                                    "is_parallel": true,
                                                    "self": 0.16400919999995978,
                                                    "children": {
                                                        "UnityEnvironment._generate_step_input": {
                                                            "total": 0.13667810000000813,
                                                            "count": 986,
                                                            "is_parallel": true,
                                                            "self": 0.13667810000000813
                                                        },
                                                        "communicator.exchange": {
                                                            "total": 19.45067400000005,
                                                            "count": 986,
                                                            "is_parallel": true,
                                                            "self": 19.45067400000005
                                                        },
                                                        "steps_from_proto": {
                                                            "total": 0.7180869999999642,
                                                            "count": 986,
                                                            "is_parallel": true,
                                                            "self": 0.0769662999999845,
                                                            "children": {
                                                                "_process_vector_observation": {
                                                                    "total": 0.6411206999999797,
                                                                    "count": 5916,
                                                                    "is_parallel": true,
                                                                    "self": 0.6411206999999797
                                                                }
                                                            }
                                                        }
                                                    }
                                                }
                                            }
                                        }
                                    }
                                }
                            }
                        }
                    }
                },
                "trainer_threads": {
                    "total": 2.2300000001251874e-05,
                    "count": 1,
                    "self": 2.2300000001251874e-05,
                    "children": {
                        "thread_root": {
                            "total": 0.0,
                            "count": 0,
                            "is_parallel": true,
                            "self": 0.0,
                            "children": {
                                "trainer_advance": {
                                    "total": 22.896879199999887,