{
    "name": "root",
    "gauges": {
        "StandardConfig.Policy.Entropy.mean": {
            "value": 1.4579038619995117,
            "min": 1.4196698665618896,
            "max": 1.4579038619995117,
            "count": 27
        },
        "StandardConfig.Policy.ExtrinsicValueEstimate.mean": {
            "value": -0.12080439925193787,
            "min": -0.42478978633880615,
            "max": 0.019411718472838402,
            "count": 27
        },
        "StandardConfig.Policy.CuriosityValueEstimate.mean": {
            "value": 0.05572536587715149,
            "min": 0.05572536587715149,
            "max": 0.6118630170822144,
            "count": 27
        },
        "StandardConfig.Losses.PolicyLoss.mean": {
            "value": 0.0032976779815120003,
            "min": 0.001270761707564816,
            "max": 0.008332527514236668,
            "count": 27
        },
        "StandardConfig.Losses.ValueLoss.mean": {
            "value": 0.0028008001584870117,
            "min": 0.00011878520065996176,
            "max": 0.013053858846736452,
            "count": 27
        },
        "StandardConfig.Policy.LearningRate.mean": {
            "value": 0.00029841112852962396,
            "min": 0.00029841112852962396,
            "max": 0.00029996544001151997,
            "count": 27
        },
        "StandardConfig.Policy.Epsilon.mean": {
            "value": 0.19947037600000003,
            "min": 0.19947037600000003,
            "max": 0.19998848,
            "count": 27
        },
        "StandardConfig.Policy.Beta.mean": {
            "value": 0.0994704289624,
            "min": 0.0994704289624,
            "max": 0.099988481152,
            "count": 27
        },
        "StandardConfig.Losses.CuriosityForwardLoss.mean": {
            "value": 0.023700149264186617,
            "min": 0.023700149264186617,
            "max": 0.7405660003423691,
            "count": 27
        },
        "StandardConfig.Losses.CuriosityInverseLoss.mean": {
            "value": 4.601821581522623,
            "min": 3.9704973697662354,
            "max": 4.665938472747802,
            "count": 27
        },
        "StandardConfig.Environment.EpisodeLength.mean": {
            "value": 1204.5,
            "min": 188.17391304347825,
            "max": 7988.0,
            "count": 23
        },
        "StandardConfig.Environment.CumulativeReward.mean": {
            "value": -1.4245512153720483,
            "min": -3.003171171993017,
            "max": -1.0048912996426225,
            "count": 23
        },
        "StandardConfig.Policy.ExtrinsicReward.mean": {
            "value": -1.4245512153720483,
            "min": -3.003171171993017,
            "max": -1.0048912996426225,
            "count": 23
        },
        "StandardConfig.Policy.CuriosityReward.mean": {
            "value": 0.5753413625061512,
            "min": 0.19202214009735896,
            "max": 17.1543250977993,
            "count": 23
        },
        "StandardConfig.IsTraining.mean": {
            "value": 1.0,
            "min": 1.0,
            "max": 1.0,
            "count": 27
        }
    },
    "metadata": {
        "timer_format_version": "0.1.0",
        "start_time_seconds": "1611697641",
        "python_version": "3.7.9 (default, Aug 31 2020, 17:10:11) [MSC v.1916 64 bit (AMD64)]",
        "command_line_arguments": "C:\\Users\\PC\\anaconda3\\envs\\mlagents\\Scripts\\mlagents-learn config/comodo.yaml --run-id=NonCeLaFaccioPiu23",
        "mlagents_version": "0.23.0",
        "mlagents_envs_version": "0.23.0",
        "communication_protocol_version": "1.3.0",
        "pytorch_version": "1.7.0+cu110",
        "numpy_version": "1.18.5",
        "end_time_seconds": "1611698538"
    },
    "total": 897.2822481,
    "count": 1,
    "self": 0.004512799999929484,
    "children": {
        "run_training.setup": {
            "total": 0.007094099999999992,
            "count": 1,
            "self": 0.007094099999999992
        },
        "TrainerController.start_learning": {
            "total": 897.2706412,
            "count": 1,
            "self": 1.0042814000084945,
            "children": {
                "TrainerController._reset_env": {
                    "total": 6.0901877,
                    "count": 1,
                    "self": 6.0901877
                },
                "TrainerController.advance": {
                    "total": 890.0486282999915,
                    "count": 45578,
                    "self": 0.48863589999814394,
                    "children": {
                        "env_step": {
                            "total": 889.5599923999933,
                            "count": 45578,
                            "self": 840.7409798000027,
                            "children": {
                                "SubprocessEnvManager._take_step": {
                                    "total": 48.28183619999287,
                                    "count": 45578,
                                    "self": 2.329306899983685,
                                    "children": {
                                        "TorchPolicy.evaluate": {
                                            "total": 45.95252930000918,
                                            "count": 45456,
                                            "self": 11.83272640000991,
                                            "children": {
                                                "TorchPolicy.sample_actions": {
                                                    "total": 34.11980289999927,
                                                    "count": 45456,
                                                    "self": 34.11980289999927
                                                }
                                            }
                                        }
                                    }
                                },
                                "workers": {
                                    "total": 0.5371763999977608,
                                    "count": 45577,
                                    "self": 0.0,
                                    "children": {
                                        "worker_root": {
                                            "total": 889.8767394999934,
                                            "count": 45577,
                                            "is_parallel": true,
                                            "self": 105.45755599998165,
                                            "children": {
                                                "steps_from_proto": {
                                                    "total": 0.000597399999999304,
                                                    "count": 1,
                                                    "is_parallel": true,
                                                    "self": 7.45000000001994e-05,
                                                    "children": {
                                                        "_process_vector_observation": {
                                                            "total": 0.0005228999999991046,
                                                            "count": 6,
                                                            "is_parallel": true,
                                                            "self": 0.0005228999999991046
                                                        }
                                                    }
                                                },
                                                "UnityEnvironment.step": {
                                                    "total": 784.4185861000118,
                                                    "count": 45577,
                                                    "is_parallel": true,
                                                    "self": 6.785738500028515,