{
    "name": "root",
    "gauges": {
        "StandardConfig.Policy.Entropy.mean": {
            "value": 0.6439269781112671,
            "min": 0.6437393426895142,
            "max": 0.64447021484375,
            "count": 79
        },
        "StandardConfig.Policy.ExtrinsicValueEstimate.mean": {
            "value": 2.703202724456787,
            "min": 2.2972817420959473,
            "max": 4.218180179595947,
            "count": 79
        },
        "StandardConfig.Policy.CuriosityValueEstimate.mean": {
            "value": -165.34458923339844,
            "min": -168.94664001464844,
            "max": -158.171875,
            "count": 79
        },
        "StandardConfig.IsTraining.mean": {
            "value": 1.0,
            "min": 1.0,
            "max": 1.0,
            "count": 79
        },
        "StandardConfig.Environment.EpisodeLength.mean": {
            "value": 1238.111111111111,
            "min": 893.8,
            "max": 1867.0,
            "count": 78
        },
        "StandardConfig.Environment.CumulativeReward.mean": {
            "value": -5.430367004540232,
            "min": -7.140503557398915,
            "max": -3.766817668452859,
            "count": 78
        },
        "StandardConfig.Policy.ExtrinsicReward.mean": {
            "value": -5.430367004540232,
            "min": -7.140503557398915,
            "max": -3.766817668452859,
            "count": 78
        },
        "StandardConfig.Policy.CuriosityReward.mean": {
            "value": 0.0,
            "min": 0.0,
            "max": 0.0,
            "count": 78
        }
    },
    "metadata": {
        "timer_format_version": "0.1.0",
        "start_time_seconds": "1611749190",
        "python_version": "3.7.9 (default, Aug 31 2020, 17:10:11) [MSC v.1916 64 bit (AMD64)]",
        "command_line_arguments": "C:\\Users\\PC\\anaconda3\\envs\\mlagents\\Scripts\\mlagents-learn config/comodo.yaml --run-id=DAII22",
        "mlagents_version": "0.23.0",
        "mlagents_envs_version": "0.23.0",
        "communication_protocol_version": "1.3.0",
        "pytorch_version": "1.7.0+cu110",
        "numpy_version": "1.18.5",
        "end_time_seconds": "1611751090"
    },
    "total": 1899.9056564,
    "count": 1,
    "self": 0.004254599999967468,
    "children": {
        "run_training.setup": {
            "total": 0.005951700000000004,
            "count": 1,
            "self": 0.005951700000000004
        },
        "TrainerController.start_learning": {
            "total": 1899.8954501,
            "count": 1,
            "self": 0.942532599987544,
            "children": {
                "TrainerController._reset_env": {
                    "total": 3.6691643000000003,
                    "count": 1,
                    "self": 3.6691643000000003
                },
                "TrainerController.advance": {
                    "total": 1895.2054266000127,
                    "count": 49921,
                    "self": 0.48912960002144246,
                    "children": {
                        "env_step": {
                            "total": 1894.7162969999913,
                            "count": 49921,
                            "self": 1717.9568250000063,
                            "children": {
                                "SubprocessEnvManager._take_step": {
                                    "total": 176.19642629997537,
                                    "count": 49921,
                                    "self": 2.2334575999742015,
                                    "children": {
                                        "TorchPolicy.evaluate": {
                                            "total": 173.96296870000117,
                                            "count": 49437,
                                            "self": 22.68459420001642,
                                            "children": {
                                                "TorchPolicy.sample_actions": {
                                                    "total": 151.27837449998475,
                                                    "count": 49437,
                                                    "self": 151.27837449998475
                                                }
                                            }
                                        }
                                    }
                                },
                                "workers": {
                                    "total": 0.5630457000094848,
                                    "count": 49920,
                                    "self": 0.0,
                                    "children": {
                                        "worker_root": {
                                            "total": 1895.0452830000017,
                                            "count": 49920,
                                            "is_parallel": true,
                                            "self": 245.89231790000076,
                                            "children": {
                                                "steps_from_proto": {
                                                    "total": 0.0011841000000001323,
                                                    "count": 1,
                                                    "is_parallel": true,
                                                    "self": 0.000156800000000068,
                                                    "children": {
                                                        "_process_vector_observation": {
                                                            "total": 0.0010273000000000643,
                                                            "count": 6,
                                                            "is_parallel": true,
                                                            "self": 0.0010273000000000643
                                                        }
                                                    }
                                                },
                                                "UnityEnvironment.step": {
                                                    "total": 1649.151781000001,
                                                    "count": 49920,
                                                    "is_parallel": true,
                                                    "self": 12.993919700009883,
                                                    "children": {
                                                        "UnityEnvironment._generate_step_input": {
                                                            "total": 11.972298900016089,
                                                            "count": 49920,
                                                            "is_parallel": true,
                                                            "self": 11.972298900016089
                                                        },
                                                        "communicator.exchange": {
                                                            "total": 1563.0099149999846,
                                                            "count": 49920,
                                                            "is_parallel": true,
                                                            "self": 1563.0099149999846
                                                        },
                                                        "steps_from_proto": {
                                                            "total": 61.17564739999027,
                                                            "count": 49920,
                                                            "is_parallel": true,
                                                            "self": 7.308168499977569,