{
    "name": "root",
    "gauges": {
        "StandardConfig.Policy.Entropy.mean": {
            "value": 1.5083482265472412,
            "min": 1.4197299480438232,
            "max": 1.5083482265472412,
            "count": 54
        },
        "StandardConfig.Policy.ExtrinsicValueEstimate.mean": {
            "value": -0.008183344267308712,
            "min": -0.2731435000896454,
            "max": 0.009175644256174564,
            "count": 54
        },
        "StandardConfig.Policy.CuriosityValueEstimate.mean": {
            "value": 0.611339271068573,
            "min": 0.23810318112373352,
            "max": 2.115328788757324,
            "count": 54
        },
        "StandardConfig.Environment.EpisodeLength.mean": {
            "value": 5847.333333333333,
            "min": 308.4,
            "max": 8558.5,
            "count": 51
        },
        "StandardConfig.Environment.CumulativeReward.mean": {
            "value": -0.8518104571073005,
            "min": -10.729089139844291,
            "max": -0.31601188983768225,
            "count": 51
        },
        "StandardConfig.Policy.ExtrinsicReward.mean": {
            "value": -0.8518104571073005,
            "min": -10.729089139844291,
            "max": -0.31601188983768225,
            "count": 51
        },
        "StandardConfig.Policy.CuriosityReward.mean": {
            "value": 35.56864182961484,
            "min": 1.7166892512701453,
            "max": 187.67954167723656,
            "count": 51
        },
        "StandardConfig.Losses.PolicyLoss.mean": {
            "value": 0.003448505160243561,
            "min": 0.001692269571746389,
            "max": 0.005776587058790028,
            "count": 54
        },
        "StandardConfig.Losses.ValueLoss.mean": {
            "value": 0.002030602252731721,
            "min": 0.0016905828961171208,
            "max": 0.285120602697134,
            "count": 54
        },
        "StandardConfig.Policy.LearningRate.mean": {
            "value": 0.0002967941086686308,
            "min": 0.0002967941086686308,
            "max": 0.00029996769751076746,
            "count": 54
        },
        "StandardConfig.Policy.Epsilon.mean": {
            "value": 0.19893136920000004,
            "min": 0.19893136920000004,
            "max": 0.1999892325,
            "count": 54
        },
        "StandardConfig.Policy.Beta.mean": {
            "value": 0.09893147606308,
            "min": 0.09893147606308,
            "max": 0.09998923357675,
            "count": 54
        },
        "StandardConfig.Losses.CuriosityForwardLoss.mean": {
            "value": 0.10872144401073455,
            "min": 0.10872144401073455,
            "max": 1.3730086733897526,
            "count": 54
        },
        "StandardConfig.Losses.CuriosityInverseLoss.mean": {
            "value": 5.844290002187093,
            "min": 3.7519262790679933,
            "max": 5.889784908294678,
            "count": 54
        },
        "StandardConfig.IsTraining.mean": {
            "value": 1.0,
            "min": 1.0,
            "max": 1.0,
            "count": 54
        }
    },
    "metadata": {
        "timer_format_version": "0.1.0",
        "start_time_seconds": "1611667857",
        "python_version": "3.7.9 (default, Aug 31 2020, 17:10:11) [MSC v.1916 64 bit (AMD64)]",
        "command_line_arguments": "C:\\Users\\PC\\anaconda3\\envs\\mlagents\\Scripts\\mlagents-learn config/comodo.yaml --run-id=PleaseFINAL9",
        "mlagents_version": "0.23.0",
        "mlagents_envs_version": "0.23.0",
        "communication_protocol_version": "1.3.0",
        "pytorch_version": "1.7.0+cu110",
        "numpy_version": "1.18.5",
        "end_time_seconds": "1611669453"
    },
    "total": 1596.2541496,
    "count": 1,
    "self": 0.00497119999977258,
    "children": {
        "run_training.setup": {
            "total": 0.006019200000000002,
            "count": 1,
            "self": 0.006019200000000002
        },
        "TrainerController.start_learning": {
            "total": 1596.2431592,
            "count": 1,
            "self": 3.1725361999913275,
            "children": {
                "TrainerController._reset_env": {
                    "total": 4.9999943,
                    "count": 1,
                    "self": 4.9999943
                },
                "TrainerController.advance": {
                    "total": 1588.0119678000087,
                    "count": 182693,
                    "self": 1.6925575000386743,
                    "children": {
                        "env_step": {
                            "total": 1586.31941029997,
                            "count": 182693,
                            "self": 1437.2920675999258,
                            "children": {
                                "SubprocessEnvManager._take_step": {
                                    "total": 147.2202007000257,
                                    "count": 182693,
                                    "self": 7.326458800000893,
                                    "children": {
                                        "TorchPolicy.evaluate": {
                                            "total": 139.89374190002482,
                                            "count": 182424,
                                            "self": 31.037159199992686,
                                            "children": {
                                                "TorchPolicy.sample_actions": {
                                                    "total": 108.85658270003213,
                                                    "count": 182424,
                                                    "self": 108.85658270003213
                                                }
                                            }
                                        }
                                    }
                                },
                                "workers": {
                                    "total": 1.807142000018679,
                                    "count": 182692,
                                    "self": 0.0,
                                    "children": {
                                        "worker_root": {
                                            "total": 1587.2551523000122,
                                            "count": 182692,
                                            "is_parallel": true,
                                            "self": 315.6335005000244,
                                            "children": {
                                                "steps_from_proto": {
                                                    "total": 0.0005595999999998824,
                                                    "count": 1,
                                                    "is_parallel": true,
                                                    "self": 9.129999999935023e-05,
                                                    "children": {
                                                        "_process_vector_observation": {
                                                            "total": 0.0004683000000005322,
                                                            "count": 10,
                                                            "is_parallel": true,
                                                            "self": 0.0004683000000005322
                                                        }
                                                    }
                                                },
                                                "UnityEnvironment.step": {
                                                    "total": 1271.6210921999877,
                                                    "count": 182692,
                                                    "is_parallel": true,
                                                    "self": 20.68490870000437,