{
    "name": "root",
    "metadata": {
        "timer_format_version": "0.1.0",
        "start_time_seconds": "1611615780",
        "python_version": "3.7.9 (default, Aug 31 2020, 17:10:11) [MSC v.1916 64 bit (AMD64)]",
        "command_line_arguments": "C:\\Users\\PC\\anaconda3\\envs\\mlagents\\Scripts\\mlagents-learn config/comodo.yaml --run-id=test33",
        "mlagents_version": "0.23.0",
        "mlagents_envs_version": "0.23.0",
        "communication_protocol_version": "1.3.0",
        "pytorch_version": "1.7.0+cu110",
        "numpy_version": "1.18.5",
        "end_time_seconds": "1611615790"
    },
    "total": 9.9476233,
    "count": 1,
    "self": 0.004413400000000678,
    "children": {
        "run_training.setup": {
            "total": 0.006194799999999945,
            "count": 1,
            "self": 0.006194799999999945
        },
        "TrainerController.start_learning": {
            "total": 9.9370151,
            "count": 1,
            "self": 0.005335699999989174,
            "children": {
                "TrainerController._reset_env": {
                    "total": 4.1493818000000005,
                    "count": 1,
                    "self": 4.1493818000000005
                },
                "TrainerController.advance": {
                    "total": 5.71238160000001,
                    "count": 201,
                    "self": 0.0019337000000199112,
                    "children": {
                        "env_step": {
                            "total": 5.71044789999999,
                            "count": 201,
                            "self": 5.564733599999986,
                            "children": {
                                "SubprocessEnvManager._take_step": {
                                    "total": 0.14377129999999738,
                                    "count": 201,
                                    "self": 0.009035299999998081,
                                    "children": {
                                        "TorchPolicy.evaluate": {
                                            "total": 0.1347359999999993,
                                            "count": 201,
                                            "self": 0.028006800000007104,
                                            "children": {
                                                "TorchPolicy.sample_actions": {
                                                    "total": 0.1067291999999922,
                                                    "count": 201,
                                                    "self": 0.1067291999999922
                                                }
                                            }
                                        }
                                    }
                                },
                                "workers": {
                                    "total": 0.0019430000000069114,
                                    "count": 200,
                                    "self": 0.0,
                                    "children": {
                                        "worker_root": {
                                            "total": 5.707169300000004,
                                            "count": 200,
                                            "is_parallel": true,
                                            "self": 0.32386060000001304,
                                            "children": {
                                                "steps_from_proto": {
                                                    "total": 0.0007745000000003444,
                                                    "count": 1,
                                                    "is_parallel": true,
                                                    "self": 9.58999999989274e-05,
                                                    "children": {
                                                        "_process_vector_observation": {
                                                            "total": 0.000678600000001417,
                                                            "count": 10,
                                                            "is_parallel": true,
                                                            "self": 0.000678600000001417
                                                        }
                                                    }
                                                },
                                                "UnityEnvironment.step": {
                                                    "total": 5.3825341999999905,
                                                    "count": 200,
                                                    "is_parallel": true,
                                                    "self": 0.03276170000001244,
                                                    "children": {
                                                        "UnityEnvironment._generate_step_input": {
                                                            "total": 0.022292299999998377,
                                                            "count": 200,
                                                            "is_parallel": true,
                                                            "self": 0.022292299999998377
                                                        },
                                                        "communicator.exchange": {
                                                            "total": 5.182417499999994,
                                                            "count": 200,
                                                            "is_parallel": true,
                                                            "self": 5.182417499999994
                                                        },
                                                        "steps_from_proto": {
                                                            "total": 0.14506269999998533,
                                                            "count": 200,
                                                            "is_parallel": true,
                                                            "self": 0.01807450000001154,
                                                            "children": {
                                                                "_process_vector_observation": {
                                                                    "total": 0.1269881999999738,
                                                                    "count": 2000,
                                                                    "is_parallel": true,
                                                                    "self": 0.1269881999999738
                                                                }
                                                            }
                                                        }
                                                    }
                                                }
                                            }
                                        }
                                    }
                                }
                            }
                        }
                    }
                },
                "trainer_threads": {
                    "total": 2.1199999999055308e-05,
                    "count": 1,
                    "self": 2.1199999999055308e-05,
                    "children": {
                        "thread_root": {
                            "total": 0.0,
                            "count": 0,
                            "is_parallel": true,
                            "self": 0.0,
                            "children": {
                                "trainer_advance": {
                                    "total": 5.6935938999999705,