{
    "name": "root",
    "metadata": {
        "timer_format_version": "0.1.0",
        "start_time_seconds": "1611612700",
        "python_version": "3.7.9 (default, Aug 31 2020, 17:10:11) [MSC v.1916 64 bit (AMD64)]",
        "command_line_arguments": "C:\\Users\\PC\\anaconda3\\envs\\mlagents\\Scripts\\mlagents-learn config/comodo.yaml --run-id=test25",
        "mlagents_version": "0.23.0",
        "mlagents_envs_version": "0.23.0",
        "communication_protocol_version": "1.3.0",
        "pytorch_version": "1.7.0+cu110",
        "numpy_version": "1.18.5",
        "end_time_seconds": "1611612774"
    },
    "total": 73.78873440000001,
    "count": 1,
    "self": 0.004301600000019334,
    "children": {
        "run_training.setup": {
            "total": 0.006294899999999992,
            "count": 1,
            "self": 0.006294899999999992
        },
        "TrainerController.start_learning": {
            "total": 73.77813789999999,
            "count": 1,
            "self": 0.2665547999997244,
            "children": {
                "TrainerController._reset_env": {
                    "total": 5.1816175,
                    "count": 1,
                    "self": 5.1816175
                },
                "TrainerController.advance": {
                    "total": 68.25727490000025,
                    "count": 16005,
                    "self": 0.14034399999955838,
                    "children": {
                        "env_step": {
                            "total": 68.1169309000007,
                            "count": 16005,
                            "self": 58.37578380000071,
                            "children": {
                                "SubprocessEnvManager._take_step": {
                                    "total": 9.589951199999785,
                                    "count": 16005,
                                    "self": 0.6176064000000583,
                                    "children": {
                                        "TorchPolicy.evaluate": {
                                            "total": 8.972344799999727,
                                            "count": 15977,
                                            "self": 1.9792281999999748,
                                            "children": {
                                                "TorchPolicy.sample_actions": {
                                                    "total": 6.993116599999752,
                                                    "count": 15977,
                                                    "self": 6.993116599999752
                                                }
                                            }
                                        }
                                    }
                                },
                                "workers": {
                                    "total": 0.1511959000002019,
                                    "count": 16004,
                                    "self": 0.0,
                                    "children": {
                                        "worker_root": {
                                            "total": 68.18744149999998,
                                            "count": 16004,
                                            "is_parallel": true,
                                            "self": 20.299851199999992,
                                            "children": {
                                                "steps_from_proto": {
                                                    "total": 0.0004224999999999923,
                                                    "count": 1,
                                                    "is_parallel": true,
                                                    "self": 8.950000000229608e-05,
                                                    "children": {
                                                        "_process_vector_observation": {
                                                            "total": 0.00033299999999769625,
                                                            "count": 10,
                                                            "is_parallel": true,
                                                            "self": 0.00033299999999769625
                                                        }
                                                    }
                                                },
                                                "UnityEnvironment.step": {
                                                    "total": 47.887167799999986,
                                                    "count": 16004,
                                                    "is_parallel": true,
                                                    "self": 1.165524400000237,
                                                    "children": {
                                                        "UnityEnvironment._generate_step_input": {
                                                            "total": 0.7268307000000043,
                                                            "count": 16004,
                                                            "is_parallel": true,
                                                            "self": 0.7268307000000043
                                                        },
                                                        "communicator.exchange": {
                                                            "total": 41.110019599999724,
                                                            "count": 16004,
                                                            "is_parallel": true,
                                                            "self": 41.110019599999724
                                                        },
                                                        "steps_from_proto": {
                                                            "total": 4.884793100000028,
                                                            "count": 16004,
                                                            "is_parallel": true,
                                                            "self": 1.2555034000004328,
                                                            "children": {
                                                                "_process_vector_observation": {
                                                                    "total": 3.629289699999595,
                                                                    "count": 160040,
                                                                    "is_parallel": true,
                                                                    "self": 3.629289699999595
                                                                }
                                                            }
                                                        }
                                                    }
                                                }
                                            }
                                        }
                                    }
                                }
                            }
                        }
                    }
                },
                "trainer_threads": {
                    "total": 2.4800000005598122e-05,
                    "count": 1,
                    "self": 2.4800000005598122e-05,
                    "children": {
                        "thread_root": {
                            "total": 0.0,
                            "count": 0,
                            "is_parallel": true,
                            "self": 0.0,
                            "children": {
                                "trainer_advance": {
                                    "total": 68.20385300000011,