{
    "name": "root",
    "gauges": {
        "StandardConfig.Policy.Entropy.mean": {
            "value": 1.7727971076965332,
            "min": 1.7178351879119873,
            "max": 2.2714600563049316,
            "count": 8
        },
        "StandardConfig.Environment.EpisodeLength.mean": {
            "value": 546.625,
            "min": 228.88235294117646,
            "max": 1169.7333333333333,
            "count": 8
        },
        "StandardConfig.Policy.ExtrinsicValueEstimate.mean": {
            "value": 0.7562870383262634,
            "min": -0.30708009004592896,
            "max": 0.7562870383262634,
            "count": 8
        },
        "StandardConfig.Policy.CuriosityValueEstimate.mean": {
            "value": 0.8173258304595947,
            "min": 0.25824522972106934,
            "max": 0.8173258304595947,
            "count": 8
        },
        "StandardConfig.Environment.CumulativeReward.mean": {
            "value": 5.826035632751882,
            "min": -1.4844053164124489,
            "max": 5.826035632751882,
            "count": 8
        },
        "StandardConfig.Policy.ExtrinsicReward.mean": {
            "value": 5.826035632751882,
            "min": -1.4844053164124489,
            "max": 5.826035632751882,
            "count": 8
        },
        "StandardConfig.Policy.CuriosityReward.mean": {
            "value": 4.196939332410693,
            "min": 1.2665887019213509,
            "max": 7.963334376613299,
            "count": 8
        },
        "StandardConfig.Losses.PolicyLoss.mean": {
            "value": 0.068932009866694,
            "min": 0.06470161636631626,
            "max": 0.07730123218546699,
            "count": 8
        },
        "StandardConfig.Losses.ValueLoss.mean": {
            "value": 0.042438870288121204,
            "min": 0.013103805593952227,
            "max": 0.042438870288121204,
            "count": 8
        },
        "StandardConfig.Policy.LearningRate.mean": {
            "value": 0.0002995507957497348,
            "min": 0.0002995507957497348,
            "max": 0.000299966787011071,
            "count": 8
        },
        "StandardConfig.Policy.Epsilon.mean": {
            "value": 0.1998502652,
            "min": 0.1998502652,
            "max": 0.199988929,
            "count": 8
        },
        "StandardConfig.Policy.Beta.mean": {
            "value": 0.009985041493479998,
            "min": 0.009985041493479998,
            "max": 0.0099988940071,
            "count": 8
        },
        "StandardConfig.Losses.CuriosityForwardLoss.mean": {
            "value": 0.38007750995457174,
            "min": 0.2894136950684091,
            "max": 0.6275991364537428,
            "count": 8
        },
        "StandardConfig.Losses.CuriosityInverseLoss.mean": {
            "value": 1.1302511277298133,
            "min": 1.1302511277298133,
            "max": 2.0282695145656664,
            "count": 8
        },
        "StandardConfig.IsTraining.mean": {
            "value": 1.0,
            "min": 1.0,
            "max": 1.0,
            "count": 8
        }
    },
    "metadata": {
        "timer_format_version": "0.1.0",
        "start_time_seconds": "1611755339",
        "python_version": "3.7.9 (default, Aug 31 2020, 17:10:11) [MSC v.1916 64 bit (AMD64)]",
        "command_line_arguments": "C:\\Users\\PC\\anaconda3\\envs\\mlagents\\Scripts\\mlagents-learn config/comodo.yaml --run-id=DAII33",
        "mlagents_version": "0.23.0",
        "mlagents_envs_version": "0.23.0",
        "communication_protocol_version": "1.3.0",
        "pytorch_version": "1.7.0+cu110",
        "numpy_version": "1.18.5",
        "end_time_seconds": "1611755568"
    },
    "total": 229.7021809,
    "count": 1,
    "self": 0.005037399999991976,
    "children": {
        "run_training.setup": {
            "total": 0.006214000000000053,
            "count": 1,
            "self": 0.006214000000000053
        },
        "TrainerController.start_learning": {
            "total": 229.6909295,
            "count": 1,
            "self": 0.21803620000051183,
            "children": {
                "TrainerController._reset_env": {
                    "total": 3.3944986999999998,
                    "count": 1,
                    "self": 3.3944986999999998
                },
                "TrainerController.advance": {
                    "total": 225.9691472999995,
                    "count": 10177,
                    "self": 0.11335780000027285,
                    "children": {
                        "env_step": {
                            "total": 225.85578949999922,
                            "count": 10177,
                            "self": 206.70959190000102,
                            "children": {
                                "SubprocessEnvManager._take_step": {
                                    "total": 19.025563899998964,
                                    "count": 10177,
                                    "self": 0.4354653000001001,
                                    "children": {
                                        "TorchPolicy.evaluate": {
                                            "total": 18.590098599998864,
                                            "count": 10081,
                                            "self": 3.7516119999979125,
                                            "children": {
                                                "TorchPolicy.sample_actions": {
                                                    "total": 14.838486600000952,
                                                    "count": 10081,
                                                    "self": 14.838486600000952
                                                }
                                            }
                                        }
                                    }
                                },
                                "workers": {
                                    "total": 0.12063369999923346,
                                    "count": 10176,
                                    "self": 0.0,
                                    "children": {
                                        "worker_root": {
                                            "total": 225.94567939999993,
                                            "count": 10176,
                                            "is_parallel": true,
                                            "self": 33.6513789000019,
                                            "children": {
                                                "steps_from_proto": {
                                                    "total": 0.0009500999999998427,
                                                    "count": 1,
                                                    "is_parallel": true,
                                                    "self": 0.00016539999999976018,
                                                    "children": {
                                                        "_process_vector_observation": {
                                                            "total": 0.0007847000000000826,
                                                            "count": 6,
                                                            "is_parallel": true,
                                                            "self": 0.0007847000000000826
                                                        }
                                                    }
                                                },
                                                "UnityEnvironment.step": {
                                                    "total": 192.29335039999802,
                                                    "count": 10176,
                                                    "is_parallel": true,
                                                    "self": 1.83544439999568,